"County Code","County","CO 2nd Max 1-hr","CO 2nd Max 8-hr","NO2 98th Percentile 1-hr","NO2 Mean 1-hr","Ozone 2nd Max 1-hr","Ozone 4th Max 8-hr","SO2 99th Percentile 1-hr","SO2 2nd Max 24-hr","SO2 Mean 1-hr","PM2.5 98th Percentile 24-hr","PM2.5 Weighted Mean 24-hr","PM10 2nd Max 24-hr","PM10 Mean 24-hr","Lead Max 3-Mo Avg"
"01003","Baldwin County, AL",".",".",".",".","0.07","0.063",".",".",".","18","8.6",".",".","."
"01027","Clay County, AL",".",".",".",".",".",".",".",".",".","25","8.3",".",".","."
"01033","Colbert County, AL",".",".",".",".","0.07","0.057",".",".",".","16","8.7",".",".","."
"01049","DeKalb County, AL",".",".",".",".","0.07","0.065",".",".",".","19","9",".",".","."
"01051","Elmore County, AL",".",".",".",".","0.07","0.061",".",".",".",".",".",".",".","."
"01055","Etowah County, AL",".",".",".",".","0.07","0.06",".",".",".","18","9.1",".",".","."
"01069","Houston County, AL",".",".",".",".","0.07","0.061",".",".",".","15","7.3",".",".","."
"01073","Jefferson County, AL","6.9","1.9","40","13","0.09","0.073","17","4","1","24","11.8","73","24","0.02"
"01089","Madison County, AL",".",".",".",".","0.07","0.063",".",".",".","19","8.6","52","22","."
"01097","Mobile County, AL",".",".",".",".","0.08","0.063",".",".",".","19","8.4",".",".","."
"01101","Montgomery County, AL",".",".",".",".","0.08","0.063",".",".",".","19","9.1",".",".","."
"01103","Morgan County, AL",".",".",".",".","0.07","0.063",".",".",".","17","8.8",".",".","."
"01109","Pike County, AL",".",".",".",".",".",".",".",".",".",".",".",".",".","0.07"
"01113","Russell County, AL",".",".",".",".","0.07","0.062",".",".",".","20","9.9",".",".","."
"01117","Shelby County, AL",".",".",".",".","0.08","0.065",".",".",".",".",".",".",".","."
"01119","Sumter County, AL",".",".",".",".","0.07","0.057",".",".",".",".",".",".",".","."
"01121","Talladega County, AL",".",".",".",".",".",".",".",".",".","22","10",".",".","."
"01125","Tuscaloosa County, AL",".",".",".",".","0.07","0.062",".",".",".","17","8.7",".",".","."
"02020","Anchorage Borough, AK","4.9","2.8",".",".",".",".",".",".",".","18","6.3","75","17","."
"02068","Denali Borough, AK",".",".",".",".","0.06","0.054",".",".",".",".",".",".",".","."
"02090","Fairbanks North Star Borough, AK","4.5","2.4","68","13","0.06","0.045","34","26","7","112","21.4","229","23","."
"02110","Juneau Borough, AK",".",".",".",".",".",".",".",".",".","21","6.6",".",".","."
"02170","Matanuska-Susitna Borough, AK",".",".",".",".","0.05","0.047",".",".",".","38","6.8","158","14","."
"04001","Apache County, AZ",".",".",".",".",".",".",".",".",".",".",".","32","12","."
"04003","Cochise County, AZ",".",".",".",".","0.07","0.065",".",".",".","11","5.2","84","27","."
"04005","Coconino County, AZ",".",".",".",".","0.08","0.07",".",".",".",".",".",".",".","."
"04007","Gila County, AZ",".",".",".",".","0.09","0.073","246","36","6",".",".","109","26","0.12"
"04012","La Paz County, AZ",".",".","5","1","0.07","0.07","3","2","1",".",".","62","12","."
"04013","Maricopa County, AZ","4","2.6","61","22","0.1","0.077","9","5","1","28","9","200","36","0.01"
"04015","Mohave County, AZ",".",".",".",".",".",".",".",".",".",".",".","68","19","."
"04017","Navajo County, AZ",".",".",".",".","0.07","0.061",".",".",".",".",".","35","14","."
"04019","Pima County, AZ","2","1.4","40","9","0.08","0.066","5","1","0","11","5.1","65","26","0"
"04021","Pinal County, AZ",".",".",".",".","0.09","0.074",".",".",".","25","10.2","985","65","."
"04023","Santa Cruz County, AZ",".",".",".",".",".",".",".",".",".","27","9",".",".","."
"04025","Yavapai County, AZ",".",".",".",".","0.08","0.067",".",".",".",".",".",".",".","."
"04027","Yuma County, AZ",".",".",".",".","0.09","0.077",".",".",".",".",".","182","38","."
"05001","Arkansas County, AR",".",".",".",".",".",".",".",".",".","20","8.9",".",".","."
"05003","Ashley County, AR",".",".",".",".",".",".",".",".",".","18","8.2",".",".","."
"05019","Clark County, AR",".",".",".",".","0.07","0.06",".",".",".",".",".",".",".","."
"05035","Crittenden County, AR",".",".","36","7","0.08","0.066",".",".",".","18","8.7",".",".","."
"05051","Garland County, AR",".",".",".",".",".",".",".",".",".","20","9.8",".",".","."
"05067","Jackson County, AR",".",".",".",".",".",".",".",".",".","18","8.2",".",".","."
"05101","Newton County, AR",".",".",".",".","0.07","0.061",".",".",".",".",".",".",".","."
"05113","Polk County, AR",".",".",".",".","0.07","0.065",".",".",".","18","8.2",".",".","."
"05119","Pulaski County, AR","1.2","1","45","9","0.09","0.065","23","8","1","22","10.9","47","21","."
"05139","Union County, AR",".",".",".",".",".",".","20","5","2","21","8.7",".",".","."
"05143","Washington County, AR",".",".",".",".","0.07","0.064",".",".",".","17","7.8",".",".","."
"06001","Alameda County, CA","3.8","2","49","18","0.1","0.074","11","3","1","30","10.2",".",".","."
"06005","Amador County, CA",".",".",".",".","0.09","0.074",".",".",".",".",".",".",".","."
"06007","Butte County, CA","1.5","1.2","33","7","0.08","0.075",".",".",".","30","9.1","67","21","."
"06009","Calaveras County, CA",".",".",".",".","0.11","0.081",".",".",".","23","8.7","277","16","."
"06011","Colusa County, CA",".",".",".",".","0.08","0.064",".",".",".","24","8.4","69","24","."
"06013","Contra Costa County, CA","2","1","37","9","0.09","0.074","12","4","2","30","8.9","35","18","."
"06017","El Dorado County, CA",".",".",".",".","0.1","0.08",".",".",".",".",".","75","16","."
"06019","Fresno County, CA","2.3","1.7","43","11","0.12","0.093","7","2","1","57","16","103","39","0.01"
"06021","Glenn County, CA",".",".",".",".","0.08","0.064",".",".",".",".",".","92","26","."
"06023","Humboldt County, CA","1.5","0.9",".","3","0.05","0.047","1","1","0","17","5.9","49","18","."
"06025","Imperial County, CA","4.9","3.9","60","11","0.1","0.077","8","3","1","37","13.1","225","47","."
"06027","Inyo County, CA",".",".",".",".","0.08","0.07",".",".",".","24","7","627","26","."
"06029","Kern County, CA","1.6","1","50","12","0.12","0.097",".",".",".","57","17.9","97","44","."
"06031","Kings County, CA",".",".","41","9","0.11","0.085",".",".",".","51","16.5","101","44","."
"06033","Lake County, CA",".",".",".",".","0.07","0.058",".",".",".","7","3.8","19","9","."
"06037","Los Angeles County, CA","4.3","3","66","22","0.13","0.1","7","2","0","42","12.6","95","37","0.04"
"06039","Madera County, CA","5.4","1.7",".","6","0.1","0.083",".",".",".","44","13.9","111","32","."
"06041","Marin County, CA","1.4","0.9","40","11","0.08","0.063",".",".",".","31","8.6","29","15","."
"06043","Mariposa County, CA",".",".",".",".","0.09","0.073",".",".",".",".",".","164","22","."
"06045","Mendocino County, CA",".",".",".",".","0.07","0.053",".",".",".","24","8.6","42","13","."
"06047","Merced County, CA",".",".",".","7","0.1","0.083",".",".",".","40","12.7","64","30","."
"06051","Mono County, CA",".",".",".",".",".",".",".",".",".",".",".","74","17","."
"06053","Monterey County, CA","1.5","0.9","28","5","0.08","0.062",".",".",".","13","6.3","68","24","."
"06055","Napa County, CA","2.3","1.5","33","8","0.08","0.066",".",".",".","30","10.6","45","18","."
"06057","Nevada County, CA",".",".",".",".","0.1","0.084",".",".",".","11","4.6",".",".","."
"06059","Orange County, CA","2.9","2.3","61","25","0.1","0.075","3","1","0","15","7.1","64","26","."
"06061","Placer County, CA",".",".","44","9","0.1","0.085",".",".",".","20","8.1",".",".","."
"06063","Plumas County, CA",".",".",".",".",".",".",".",".",".","31","9.2",".",".","."
"06065","Riverside County, CA","2.2","1.5","52","14","0.12","0.097","2","1","0","43","13.5","299","65","."
"06067","Sacramento County, CA","2.1","1.9","46","11","0.1","0.081","8","7","2","38","10.4","55","22","."
"06069","San Benito County, CA",".",".",".",".","0.08","0.066",".",".",".","11","4.3","52","16","."
"06071","San Bernardino County, CA","15.5","4.4","73","30","0.14","0.107","3","2","0","40","14.5","121","33","0.04"
"06073","San Diego County, CA","3.1","1.9","53","14","0.1","0.079",".",".",".","20","9.3","99","35","0.02"
"06075","San Francisco County, CA","1.6","1.2","53","12","0.06","0.05",".",".",".","27","7.6","38","18","."
"06077","San Joaquin County, CA","2","1.4","48","12","0.1","0.077",".",".",".","43","12.6","74","28","."
"06079","San Luis Obispo County, CA",".",".","30","4","0.08","0.072","3","2","0","24","11.1","141","35","."
"06081","San Mateo County, CA","3","1.4","40","11","0.08","0.059",".",".",".","22","5.7",".",".","."
"06083","Santa Barbara County, CA","2.4","0.8","38","8","0.08","0.067","5","1","0","19","8.3","59","22","."
"06085","Santa Clara County, CA","2.6","1.8","47","18","0.09","0.072","2","1","0","32","10.6","47","21","0.1"
"06087","Santa Cruz County, CA",".",".",".",".","0.07","0.057",".",".",".","20","6.1",".",".","."
"06089","Shasta County, CA",".",".",".",".","0.09","0.078",".",".",".","20","7.5","38","19","."
"06093","Siskiyou County, CA",".",".",".",".","0.07","0.061",".",".",".",".",".","46","13","."
"06095","Solano County, CA","2.2","1.8","38","8","0.08","0.068","4","2","1","31","9.5","30","12","."
"06097","Sonoma County, CA","1.3","0.9","29","5","0.07","0.059",".",".",".","23","6.8","55","16","."
"06099","Stanislaus County, CA","2.7","1.5","36","9","0.1","0.085",".",".",".","47","14.2","75","32","."
"06101","Sutter County, CA","0.8","0.5","39","7","0.08","0.072",".",".",".","31","9.6","66","22","."
"06103","Tehama County, CA",".",".",".",".","0.08","0.076",".",".",".",".",".","43","20","."
"06107","Tulare County, CA",".",".","46","10","0.11","0.088",".",".",".","46","16.1",".",".","."
"06109","Tuolumne County, CA",".",".",".",".","0.09","0.076",".",".",".",".",".",".",".","."
"06111","Ventura County, CA",".",".","36","8","0.09","0.074",".",".",".","24","9.7","63","25","."
"06113","Yolo County, CA",".",".","26","6","0.08","0.07",".",".",".","21","7.6","56","21","."
"08001","Adams County, CO","2.6","1.8","61","18","0.09","0.069","16","4","1",".",".","60","21","."
"08003","Alamosa County, CO",".",".",".",".",".",".",".",".",".",".",".","107","21","."
"08005","Arapahoe County, CO",".",".",".",".","0.09","0.068",".",".",".","23","6.1",".",".","."
"08007","Archuleta County, CO",".",".",".",".",".",".",".",".",".",".",".","62","20","."
"08013","Boulder County, CO",".",".",".",".","0.09","0.074",".",".",".","23","6.5","47","21","."
"08019","Clear Creek County, CO",".",".",".",".","0.08","0.069",".",".",".",".",".",".",".","."
"08029","Delta County, CO",".",".",".",".",".",".",".",".",".",".",".","54","19","."
"08031","Denver County, CO","2.8","2","72","27","0.1","0.071","16","5","1","26","9.9","61","27","."
"08035","Douglas County, CO",".",".",".",".","0.12","0.081",".",".",".",".",".",".",".","."
"08041","El Paso County, CO","3.1","1.7",".",".","0.07","0.067","53","12","3","21","5.3","40","17","."
"08043","Fremont County, CO",".",".",".",".",".",".",".",".",".",".",".","33","14","."
"08045","Garfield County, CO",".",".",".","5","0.08","0.07",".",".",".",".",".","36","17","."
"08051","Gunnison County, CO",".",".",".",".","0.08","0.068",".",".",".",".",".","76","21","."
"08057","Jackson County, CO",".",".","6","1","0.07","0.061",".",".",".",".",".",".",".","."
"08059","Jefferson County, CO",".",".",".",".","0.11","0.081",".",".",".",".",".",".",".","."
"08067","La Plata County, CO","0.8","0.7","25","4","0.08","0.068",".",".",".","7","3.4",".",".","."
"08069","Larimer County, CO","4.5","1.4",".",".","0.09","0.075",".",".",".","24","6.1","47","18","."
"08077","Mesa County, CO","1.4","0.9",".",".","0.08","0.065",".",".",".","21","6.8","34","15","."
"08083","Montezuma County, CO",".",".",".",".","0.07","0.066",".",".",".",".",".",".",".","."
"08093","Park County, CO",".",".",".",".","0.08","0.07",".",".",".",".",".",".",".","."
"08099","Prowers County, CO",".",".",".",".",".",".",".",".",".",".",".","419","22","."
"08101","Pueblo County, CO",".",".",".",".",".",".",".",".",".","21","5.1","46","17","."
"08103","Rio Blanco County, CO",".",".","16","2","0.08","0.066",".",".",".","16","8.2",".",".","."
"08107","Routt County, CO",".",".",".",".",".",".",".",".",".",".",".","68","18","."
"08113","San Miguel County, CO",".",".",".",".","0.08","0.063",".",".",".",".",".","89","19","."
"08123","Weld County, CO",".","1.6",".",".","0.09","0.073",".",".",".",".",".",".",".","."
"09001","Fairfield County, CT","2.3","1.8",".",".","0.11","0.087","7","3","0","26","8.7","46","19","."
"09003","Hartford County, CT","1.8","1.3","51","15","0.1","0.075","5","3","0","24","9.9","62","19","."
"09005","Litchfield County, CT","2.6","0.5","26","2","0.09","0.076","5","3","0","15","5.3","27","8","."
"09007","Middlesex County, CT",".",".",".",".","0.1","0.078",".",".",".",".",".",".",".","."
"09009","New Haven County, CT","1.6","1.3","55","14","0.11","0.081","6","3","1","24","9.3","38","15","0"
"09011","New London County, CT",".",".",".",".","0.1","0.077",".",".",".","19","7.3",".",".","."
"09013","Tolland County, CT",".",".",".",".","0.09","0.072",".",".",".",".",".",".",".","."
"09015","Windham County, CT",".",".",".",".","0.09","0.07",".",".",".",".",".",".",".","."
"10001","Kent County, DE",".",".",".",".","0.08","0.066",".",".",".","22","8",".",".","."
"10003","New Castle County, DE","1.5","1.2",".","12","0.1","0.072","10","3","0","27","9.5",".",".","0"
"10005","Sussex County, DE",".",".",".",".","0.08","0.07","5","2","0","23","8.2",".",".","."
"11001","District of Columbia","2","2","53","13","0.09","0.072","13","5","1","25","10","42","17","0"
"12001","Alachua County, FL",".",".",".",".","0.07","0.056",".",".",".","13","5.9",".",".","."
"12003","Baker County, FL",".",".",".",".","0.07","0.058",".",".",".",".",".",".",".","."
"12005","Bay County, FL",".",".",".",".","0.07","0.061",".",".",".",".",".",".",".","."
"12009","Brevard County, FL",".",".",".",".","0.07","0.059",".",".",".","12","5.2","47","13","."
"12011","Broward County, FL","1.6","1.1","39","5","0.08","0.063","2","1","0","16","6.5","66","11","."
"12017","Citrus County, FL",".",".",".",".",".",".","90","19","2","16","5.9",".",".","."
"12021","Collier County, FL",".",".",".",".","0.06","0.057",".",".",".",".",".",".",".","."
"12023","Columbia County, FL",".",".",".",".","0.07","0.058",".",".",".",".",".",".",".","."
"12031","Duval County, FL","2","1.4","43","11",".",".","21","5","0","16","7.7",".",".","."
"12033","Escambia County, FL",".",".",".",".","0.08","0.062","9","3","1","19","8.2",".",".","."
"12035","Flagler County, FL",".",".",".",".","0.06","0.058",".",".",".",".",".",".",".","."
"12055","Highlands County, FL",".",".",".",".","0.07","0.058",".",".",".",".",".",".",".","."
"12057","Hillsborough County, FL","1.8","0.7","47","12","0.08","0.068","69","21","2","30","9.8","50","19","0.15"
"12059","Holmes County, FL",".",".",".",".","0.07","0.06",".",".",".",".",".",".",".","."
"12061","Indian River County, FL",".",".",".",".","0.07","0.058",".",".",".",".",".",".",".","."
"12069","Lake County, FL",".",".",".",".","0.07","0.059",".",".",".",".",".",".",".","."
"12071","Lee County, FL",".",".",".",".","0.07","0.058",".",".",".","17","5.9","43","14","."
"12073","Leon County, FL",".",".",".",".","0.08","0.061",".",".",".","16","7.5",".",".","."
"12077","Liberty County, FL",".",".",".",".","0.06","0.056",".",".",".",".",".",".",".","."
"12081","Manatee County, FL",".",".",".",".","0.08","0.065","8","3","1",".",".",".",".","."
"12083","Marion County, FL",".",".",".",".","0.06","0.058",".",".",".",".",".",".",".","."
"12085","Martin County, FL",".",".",".",".","0.07","0.06",".",".",".",".",".",".",".","."
"12086","Miami-Dade County, FL","3","1.1","33","9","0.08","0.062","1","0","0","16","6.9",".",".","."
"12089","Nassau County, FL",".",".",".",".",".",".","57","14","1",".",".",".",".","."
"12091","Okaloosa County, FL",".",".",".",".","0.07","0.059",".",".",".",".",".","62","15","."
"12095","Orange County, FL","1.5","1.2","25","4","0.08","0.061","3","1","0","14","6.3","39","13","."
"12097","Osceola County, FL",".",".",".",".","0.07","0.061",".",".",".",".",".",".",".","."
"12099","Palm Beach County, FL",".",".",".",".","0.07","0.059",".",".",".","11","5",".",".","."
"12101","Pasco County, FL",".",".",".",".","0.07","0.061",".",".",".",".",".",".",".","."
"12103","Pinellas County, FL","1.7","0.6","26","4","0.07","0.059","5","1","0","17","6.8","41","20","."
"12105","Polk County, FL",".",".",".",".","0.07","0.064",".",".",".","13","6.1","40","14","."
"12107","Putnam County, FL",".",".",".",".",".",".","22","4","1",".",".","45","15","."
"12111","St. Lucie County, FL",".",".",".",".","0.07","0.059",".",".",".",".",".",".",".","."
"12113","Santa Rosa County, FL",".",".",".",".","0.08","0.061",".",".",".",".",".",".",".","."
"12115","Sarasota County, FL",".",".","12","2","0.08","0.063",".",".",".","19","5.9","50","16","."
"12117","Seminole County, FL",".",".",".",".","0.07","0.06",".",".",".","20","5.8","43","13","."
"12127","Volusia County, FL",".",".",".",".","0.06","0.057",".",".",".","13","5.8","39","14","."
"12129","Wakulla County, FL",".","0.2",".",".","0.06","0.057",".",".",".",".",".",".",".","."
"13021","Bibb County, GA",".",".",".",".","0.08","0.062","8","3","1","21","10.1",".",".","."
"13051","Chatham County, GA",".",".",".",".","0.08","0.058","50","13","2","18","8.1",".",".","."
"13055","Chattooga County, GA",".",".",".",".","0.07","0.063",".",".",".",".",".",".",".","."
"13059","Clarke County, GA",".",".",".",".","0.07","0.061",".",".",".","19","8.4",".",".","."
"13063","Clayton County, GA",".",".",".",".",".",".",".",".",".","18","9.7",".",".","."
"13067","Cobb County, GA",".",".",".",".","0.08","0.066",".",".",".","17","8.9",".",".","."
"13073","Columbia County, GA",".",".",".",".","0.07","0.059",".",".",".",".",".",".",".","."
"13077","Coweta County, GA",".",".",".",".","0.08","0.066",".",".",".",".",".",".",".","."
"13085","Dawson County, GA",".",".",".",".","0.08","0.063",".",".",".",".",".",".",".","."
"13089","DeKalb County, GA","1.4","1.2","54","16","0.09","0.071","4","1","0","28","11.8","55","17","0"
"13095","Dougherty County, GA",".",".",".",".",".",".",".",".",".","33","10.9",".",".","."
"13097","Douglas County, GA",".",".",".",".","0.08","0.07",".",".",".",".",".",".",".","."
"13115","Floyd County, GA",".",".",".",".",".",".","43","9","1","19","9.4",".",".","."
"13121","Fulton County, GA","2.3","1.8","49","20","0.1","0.077","4","1","1","23","10.5","35","16","."
"13127","Glynn County, GA",".",".",".",".","0.07","0.055",".",".",".","16","7.3",".",".","."
"13135","Gwinnett County, GA",".",".",".",".","0.09","0.071",".",".",".","18","8.7",".",".","."
"13139","Hall County, GA",".",".",".",".",".",".",".",".",".","18","7.9",".",".","."
"13151","Henry County, GA",".",".",".",".","0.09","0.07",".",".",".",".",".",".",".","."
"13153","Houston County, GA",".",".",".",".",".",".",".",".",".","18","8.6",".",".","."
"13185","Lowndes County, GA",".",".",".",".",".",".",".",".",".","15","7.9",".",".","."
"13213","Murray County, GA",".",".",".",".","0.07","0.063",".",".",".",".",".",".",".","."
"13215","Muscogee County, GA",".",".",".",".","0.08","0.062",".",".",".","21","9.2",".",".","0.05"
"13223","Paulding County, GA","1.1","1","13","2","0.08","0.065",".",".",".","16","7.5",".",".","."
"13231","Pike County, GA",".",".",".",".","0.09","0.068",".",".",".",".",".",".",".","."
"13245","Richmond County, GA",".",".",".",".","0.07","0.06","63","8","2","18","8.9",".",".","."
"13247","Rockdale County, GA",".",".","18","3","0.09","0.068",".",".",".",".",".",".",".","."
"13261","Sumter County, GA",".",".",".",".","0.07","0.057",".",".",".",".",".",".",".","."
"13295","Walker County, GA",".",".",".",".",".",".",".",".",".","18","9.2",".",".","."
"13303","Washington County, GA",".",".",".",".",".",".",".",".",".","19","8.2",".",".","."
"13319","Wilkinson County, GA",".",".",".",".",".",".",".",".",".","20","9.3",".",".","."
"15001","Hawaii County, HI",".",".",".",".",".",".","1377","205","26","23","12.9",".",".","."
"15003","Honolulu County, HI","2.1","1.6","24","4","0.05","0.049","15","4","1","14","5.4","42","21","0"
"15007","Kauai County, HI",".",".",".","2",".",".","14","5","0","10","3.2",".",".","."
"15009","Maui County, HI",".",".",".",".",".",".",".",".",".","15","5.4",".",".","."
"16001","Ada County, ID","5.7","2.5",".",".","0.08","0.066","3","2","1","35","8.2","91","24","0"
"16005","Bannock County, ID",".",".",".",".",".",".","45","15","3","33","7.5","95","19","."
"16009","Benewah County, ID",".",".",".",".",".",".",".",".",".","37","10",".",".","."
"16017","Bonner County, ID",".",".",".",".",".",".",".",".",".",".",".","81","16","."
"16023","Butte County, ID",".",".",".",".","0.07","0.061",".",".",".",".",".",".",".","."
"16027","Canyon County, ID",".",".",".",".",".",".",".",".",".","36","9.5","68","21","."
"16029","Caribou County, ID",".",".",".",".",".",".","23","4","1",".",".",".",".","."
"16041","Franklin County, ID",".",".",".",".",".",".",".",".",".","26","6.3",".",".","."
"16059","Lemhi County, ID",".",".",".",".",".",".",".",".",".","77","11.8",".",".","."
"16079","Shoshone County, ID",".",".",".",".",".",".",".",".",".","48","13.3","194","20","."
"17001","Adams County, IL",".",".",".",".","0.07","0.064",".",".",".",".",".",".",".","."
"17019","Champaign County, IL",".","0.3",".",".","0.07","0.065","12","3","1","19","8.7",".",".","."
"17023","Clark County, IL",".",".",".",".","0.07","0.064",".",".",".",".",".",".",".","."
"17031","Cook County, IL","1.2","0.8","62","18","0.09","0.07","20","5","1","106","13.1","126","23","0.04"
"17043","DuPage County, IL",".",".",".",".","0.08","0.067",".",".",".","23","9",".",".","."
"17049","Effingham County, IL",".",".",".",".","0.07","0.064",".",".",".",".",".",".",".","."
"17065","Hamilton County, IL",".",".",".",".","0.07","0.064",".",".",".","22","8.2",".",".","."
"17083","Jersey County, IL",".",".",".",".","0.08","0.067",".",".",".","18","7.7",".",".","."
"17085","Jo Daviess County, IL",".",".",".",".","0.07","0.062",".",".",".",".",".",".",".","."
"17089","Kane County, IL",".",".",".",".","0.08","0.065",".",".",".","19","8.9",".",".","0.05"
"17097","Lake County, IL",".",".",".",".","0.08","0.07",".",".",".",".",".",".",".","."
"17099","La Salle County, IL",".",".",".",".",".",".","7","3","1",".",".",".",".","."
"17111","McHenry County, IL",".",".",".",".","0.07","0.064",".",".",".",".",".",".",".","."
"17113","McLean County, IL",".",".",".",".","0.07","0.063",".",".",".","18","7.6",".",".","."
"17115","Macon County, IL",".",".",".",".","0.07","0.066","39","15","2","16","8.7",".",".","0.04"
"17117","Macoupin County, IL",".",".",".",".","0.07","0.064","7","3","1",".",".",".",".","."
"17119","Madison County, IL",".",".",".",".","0.09","0.069","20","5","2","35","11.6","83","30","0.02"
"17143","Peoria County, IL",".",".",".",".","0.07","0.064","22","5","1","16","8.6",".",".","."
"17157","Randolph County, IL",".",".",".",".","0.07","0.065","12","4","1","17","7.9",".",".","."
"17161","Rock Island County, IL",".",".",".",".","0.07","0.06",".",".",".","23","9.1",".",".","."
"17163","Saint Clair County, IL","1.6","1.2","40","8","0.09","0.066","19","4","1","22","10.7",".",".","."
"17167","Sangamon County, IL",".",".",".",".","0.07","0.064","7","4","1","21","8.2",".",".","."
"17179","Tazewell County, IL",".",".",".",".",".",".","116","30","2",".",".",".",".","."
"17185","Wabash County, IL",".",".",".",".",".",".","43","9","2",".",".",".",".","."
"17197","Will County, IL",".",".",".",".","0.07","0.064",".",".",".","16","8.4",".",".","."
"17201","Winnebago County, IL",".",".",".",".","0.08","0.066",".",".",".",".",".",".",".","."
"18003","Allen County, IN",".",".",".",".","0.07","0.062",".",".",".","28","10.6",".",".","."
"18005","Bartholomew County, IN",".",".","20","3","0.08","0.066","15","4","1","21","9.6",".",".","."
"18011","Boone County, IN",".",".",".",".","0.07","0.064",".",".",".",".",".",".",".","."
"18013","Brown County, IN",".",".",".",".","0.07","0.062",".",".",".",".",".",".",".","."
"18015","Carroll County, IN",".",".",".",".","0.07","0.064",".",".",".",".",".",".",".","."
"18019","Clark County, IN",".",".",".",".","0.09","0.074",".",".",".","26","10.7","47","21","."
"18027","Daviess County, IN",".",".",".",".",".",".","93","23","2",".",".",".",".","."
"18035","Delaware County, IN",".",".",".",".","0.06","0.058",".",".",".","18","9",".",".","0.11"
"18037","Dubois County, IN",".",".",".",".",".",".",".",".",".","23","9.7","33","16","."
"18039","Elkhart County, IN",".",".",".",".","0.07","0.058",".",".",".","29","10.3",".",".","."
"18043","Floyd County, IN",".",".",".",".","0.08","0.067","28","10","3","24","10.3",".",".","."
"18045","Fountain County, IN",".",".",".",".",".",".","19","6","2",".",".",".",".","."
"18051","Gibson County, IN",".",".",".",".",".",".","59","15","3",".",".",".",".","."
"18055","Greene County, IN",".",".",".",".","0.08","0.067",".",".",".","19","8.7",".",".","."
"18057","Hamilton County, IN",".",".",".",".","0.07","0.063",".",".",".","20","9.1",".",".","."
"18059","Hancock County, IN",".",".",".",".","0.08","0.062",".",".",".",".",".",".",".","."
"18063","Hendricks County, IN",".",".",".",".","0.07","0.055",".",".",".",".",".",".",".","."
"18065","Henry County, IN",".",".",".",".",".",".",".",".",".","18","8.1",".",".","."
"18067","Howard County, IN",".",".",".",".",".",".",".",".",".","26","12.5",".",".","."
"18069","Huntington County, IN",".",".",".",".","0.06","0.054",".",".",".",".",".",".",".","."
"18071","Jackson County, IN",".",".",".",".","0.07","0.064",".",".",".",".",".",".",".","."
"18073","Jasper County, IN",".",".",".",".",".",".","10","4","1",".",".",".",".","."
"18081","Johnson County, IN",".",".",".",".","0.07","0.063",".",".",".",".",".",".",".","."
"18083","Knox County, IN",".",".",".",".","0.08","0.063",".",".",".",".",".",".",".","."
"18089","Lake County, IN","4.5","2.1","46","10","0.09","0.07","35","10","1","27","11","81","22","0.42"
"18091","LaPorte County, IN",".",".",".",".","0.09","0.067",".",".",".","24","9.1",".",".","."
"18095","Madison County, IN",".",".",".",".","0.07","0.054",".",".",".","23","9.3",".",".","."
"18097","Marion County, IN","3.6","2.5","48","15","0.08","0.069","54","12","1","24","12","60","28","0.02"
"18105","Monroe County, IN",".",".",".",".",".",".",".",".",".","19","8.7",".",".","."
"18109","Morgan County, IN",".",".",".",".","0.07","0.063","56","18","2",".",".",".",".","."
"18123","Perry County, IN",".",".",".",".","0.08","0.067",".",".",".",".",".",".",".","."
"18125","Pike County, IN",".",".",".",".",".",".","74","14","2",".",".",".",".","."
"18127","Porter County, IN",".",".",".",".","0.08","0.066","39","11","2","22","9.1","124","19","0.02"
"18129","Posey County, IN",".",".",".",".","0.08","0.067",".",".",".",".",".",".",".","."
"18141","St. Joseph County, IN",".",".","38","7","0.08","0.066",".",".",".","24","10.8",".",".","."
"18145","Shelby County, IN",".",".",".",".","0.07","0.059",".",".",".",".",".",".",".","."
"18147","Spencer County, IN",".",".",".",".",".",".",".",".",".","22","9.4",".",".","."
"18157","Tippecanoe County, IN",".",".",".",".",".",".",".",".",".","22","9.2",".",".","."
"18163","Vanderburgh County, IN","2.1","1.2","35","8","0.08","0.072","18","5","1","24","11.1","33","16","."
"18167","Vigo County, IN",".",".",".",".","0.07","0.064","103","23","3","21","10.2","35","17","."
"18169","Wabash County, IN",".",".",".",".","0.08","0.068",".",".",".",".",".",".",".","."
"18173","Warrick County, IN",".",".",".",".","0.08","0.069",".",".",".",".",".",".",".","."
"18177","Wayne County, IN",".",".",".",".",".",".","35","8","3",".",".",".",".","."
"18183","Whitley County, IN",".",".","25","4",".",".","12","4","1","24","9.9",".",".","."
"19013","Black Hawk County, IA",".",".",".",".",".",".",".",".",".","22","8.6","56","19","."
"19017","Bremer County, IA",".",".",".",".","0.07","0.059",".",".",".",".",".",".",".","."
"19033","Cerro Gordo County, IA",".",".",".",".",".",".",".",".",".",".",".","64","20","."
"19045","Clinton County, IA",".",".",".",".","0.07","0.061","33","14","1","25","9.7",".",".","."
"19055","Delaware County, IA",".",".",".",".",".",".",".",".",".","21","8.1","39","16","."
"19085","Harrison County, IA",".",".",".",".","0.08","0.061",".",".",".",".",".",".",".","."
"19103","Johnson County, IA",".",".",".",".",".",".",".",".",".","21","8.4","52","19","."
"19111","Lee County, IA",".",".",".",".",".",".",".",".",".","24","8.7",".",".","."
"19113","Linn County, IA","1.4","0.9",".",".","0.07","0.063","50","17","1","23","8.9","52","20","."
"19137","Montgomery County, IA",".",".",".",".","0.07","0.06",".",".",".","19","6.9","38","16","."
"19139","Muscatine County, IA",".",".",".",".",".",".","116","38","3","27","9.3","55","19","."
"19147","Palo Alto County, IA",".",".",".",".","0.08","0.064",".",".",".",".",".","52","16","."
"19153","Polk County, IA","1.3","0.7","37","8","0.07","0.058","2","1","0","18","7.6","45","19","."
"19155","Pottawattamie County, IA",".",".",".",".",".",".",".",".",".","20","8.4","46","21","0.07"
"19163","Scott County, IA","1.2","0.8","41","6","0.07","0.063","7","3","1","27","9.9","114","42","."
"19169","Story County, IA",".",".",".",".","0.07","0.06",".",".",".",".",".",".",".","."
"19177","Van Buren County, IA",".",".","7","1","0.07","0.057","3","1","0","20","7.4","33","15","."
"19181","Warren County, IA",".",".",".",".","0.07","0.059",".",".",".",".",".",".",".","."
"19193","Woodbury County, IA",".",".",".",".",".",".","10","2","0","19","7.5","44","18","."
"20091","Johnson County, KS",".",".",".",".","0.08","0.062",".",".",".","17","7.3",".",".","."
"20103","Leavenworth County, KS",".",".",".",".","0.07","0.06",".",".",".",".",".",".",".","."
"20133","Neosho County, KS",".",".","20","4","0.07","0.061","6","5","2","18","7.7","49","13","."
"20169","Saline County, KS",".",".",".",".",".",".",".",".",".",".",".",".",".","0.11"
"20173","Sedgwick County, KS",".",".","37","7","0.07","0.064",".",".",".","25","8.4","68","24","."
"20177","Shawnee County, KS",".",".",".",".","0.08","0.062",".",".",".","17","7.2","54","18","."
"20181","Sherman County, KS",".",".",".",".",".",".",".",".",".",".",".","51","21","."
"20191","Sumner County, KS",".",".","23","4","0.08","0.065","5","4","1","21","7.1",".",".","."
"20195","Trego County, KS",".",".",".","2","0.07","0.063","4","4","1",".",".",".",".","."
"20209","Wyandotte County, KS","1.8","1.2","45","11","0.07","0.063","38","11","2","20","8.8","51","23","0.01"
"21013","Bell County, KY",".",".",".",".","0.07","0.059",".",".",".",".",".",".",".","."
"21015","Boone County, KY",".",".",".",".","0.08","0.062",".",".",".",".",".",".",".","."
"21019","Boyd County, KY",".",".","35","6","0.08","0.069","12","4","1","24","8.8","57","25","."
"21029","Bullitt County, KY",".",".",".",".","0.08","0.067",".",".",".",".",".",".",".","."
"21037","Campbell County, KY",".",".","32","4","0.08","0.071","18","5","0",".",".",".",".","."
"21043","Carter County, KY",".",".",".",".","0.07","0.06",".",".",".","20","7.3","25","13","."
"21047","Christian County, KY",".",".",".",".","0.07","0.062",".",".",".","22","9.1",".",".","."
"21059","Daviess County, KY",".",".","33","4","0.07","0.065",".",".",".","22","9.7",".",".","."
"21061","Edmonson County, KY","0.3","0.2",".",".","0.07","0.063","7","3","0",".",".",".",".","."
"21067","Fayette County, KY",".",".","41","7","0.09","0.071","9","2","0","19","8.6","57","16","."
"21089","Greenup County, KY",".",".",".",".","0.08","0.066","13","4","0",".",".",".",".","."
"21091","Hancock County, KY",".",".",".",".","0.08","0.071",".",".",".",".",".",".",".","."
"21093","Hardin County, KY",".",".",".",".","0.08","0.066",".",".",".","24","9.5",".",".","."
"21101","Henderson County, KY",".",".",".",".","0.08","0.067","19","4","1","20","9.5","33","17","."
"21111","Jefferson County, KY","1.7","1.4",".","16","0.1","0.076","54","13","1","31","11.2","51","17","0.01"
"21113","Jessamine County, KY",".",".",".",".","0.08","0.066","10","3","0",".",".",".",".","."
"21139","Livingston County, KY",".",".",".",".","0.07","0.063",".",".",".",".",".",".",".","."
"21145","McCracken County, KY",".",".","39","6","0.08","0.063",".",".",".",".",".","39","18","."
"21151","Madison County, KY",".",".",".",".",".",".",".",".",".","16","7.6",".",".","0.15"
"21175","Morgan County, KY",".",".",".",".","0.07","0.064",".",".",".",".",".",".",".","."
"21185","Oldham County, KY",".",".",".",".","0.1","0.073",".",".",".",".",".",".",".","."
"21193","Perry County, KY",".",".",".",".","0.07","0.057",".",".",".","16","8.4",".",".","."
"21195","Pike County, KY",".",".",".",".","0.07","0.058",".",".",".","18","7.8",".",".","."
"21199","Pulaski County, KY",".",".",".",".","0.07","0.062",".",".",".","19","8.1",".",".","."
"21213","Simpson County, KY",".",".",".",".","0.08","0.067",".",".",".",".",".",".",".","."
"21221","Trigg County, KY",".",".",".",".","0.07","0.06",".",".",".",".",".",".",".","."
"21227","Warren County, KY",".",".",".",".","0.07","0.061",".",".",".","19","8.4",".",".","."
"21229","Washington County, KY",".",".",".",".","0.07","0.066",".",".",".",".",".",".",".","."
"22005","Ascension Parish, LA",".",".","38","7","0.1","0.074",".",".",".",".",".",".",".","."
"22015","Bossier Parish, LA",".",".",".",".","0.08","0.065","11","4","1",".",".",".",".","."
"22017","Caddo Parish, LA",".",".",".",".","0.08","0.066",".",".",".",".",".",".",".","."
"22019","Calcasieu Parish, LA",".",".","37","6","0.09","0.072","33","7","1","15","7.3",".",".","."
"22033","East Baton Rouge Parish, LA","2.1","1.2","45","9","0.09","0.069","20","10","1","28","12.2","76","26","0"
"22047","Iberville Parish, LA",".",".","18","4","0.09","0.075",".",".",".",".",".",".",".","."
"22051","Jefferson Parish, LA",".",".","45","6","0.08","0.068",".",".",".","21","8",".",".","."
"22055","Lafayette Parish, LA",".",".",".",".","0.07","0.067",".",".",".","14","7.5","66","20","."
"22057","Lafourche Parish, LA",".",".",".",".","0.08","0.064",".",".",".",".",".",".",".","."
"22063","Livingston Parish, LA",".",".","16","4","0.09","0.07",".",".",".",".",".",".",".","."
"22071","Orleans Parish, LA","2.7","2.3","49","10",".",".",".",".",".","21","9","65","19","."
"22073","Ouachita Parish, LA",".",".",".",".","0.07","0.06",".",".",".",".",".",".",".","."
"22077","Pointe Coupee Parish, LA",".",".",".",".","0.1","0.069",".",".",".",".",".",".",".","."
"22079","Rapides Parish, LA",".",".",".",".",".",".",".",".",".","15","7.2",".",".","."
"22087","St. Bernard Parish, LA",".",".",".",".","0.08","0.063","82","23","3","22","9.2","63","17","."
"22093","St. James Parish, LA",".",".",".",".","0.08","0.066",".",".",".",".",".",".",".","."
"22095","St. John the Baptist Parish, LA",".",".",".",".","0.08","0.067",".",".",".",".",".",".",".","0.01"
"22103","St. Tammany Parish, LA",".",".",".",".","0.08","0.067",".",".",".",".",".",".",".","."
"22105","Tangipahoa Parish, LA",".",".",".",".",".",".",".",".",".","17","7.4",".",".","."
"22109","Terrebonne Parish, LA",".",".",".",".",".",".",".",".",".","16","6.9",".",".","."
"22121","West Baton Rouge Parish, LA",".",".","40","9","0.09","0.066","18","6","1","20","9",".",".","."
"23001","Androscoggin County, ME",".",".",".",".","0.08","0.058",".",".",".","19","8.1","38","15","."
"23003","Aroostook County, ME","0.7","0.4","22","2","0.07","0.055","3","2","0","23","8.9","74","14","."
"23005","Cumberland County, ME","1.7","1","62","8","0.08","0.064","13","5","1","20","7.9",".",".","."
"23009","Hancock County, ME","0.2","0.3",".",".","0.09","0.069","2","1","0","13","4.8","22","6","."
"23011","Kennebec County, ME",".",".",".",".","0.07","0.063",".",".",".",".",".","26","12","."
"23013","Knox County, ME",".",".",".",".","0.08","0.067",".",".",".",".",".",".",".","."
"23017","Oxford County, ME",".",".",".",".","0.07","0.053",".",".",".",".",".",".",".","."
"23019","Penobscot County, ME",".",".",".",".","0.08","0.063",".",".",".","17","6.9","37","16","."
"23023","Sagadahoc County, ME",".",".",".",".","0.07","0.057",".",".",".",".",".",".",".","."
"23029","Washington County, ME",".",".",".",".","0.07","0.062",".",".",".",".",".",".",".","."
"23031","York County, ME",".",".",".",".","0.09","0.067","27","6","0",".",".",".",".","."
"24003","Anne Arundel County, MD",".",".",".",".","0.08","0.071",".",".",".","24","9.7","33","15","."
"24005","Baltimore County, MD","2.8","1.5",".","11","0.1","0.078","18","5","1","26","10.1",".",".","."
"24009","Calvert County, MD",".",".",".",".","0.08","0.067",".",".",".",".",".",".",".","."
"24013","Carroll County, MD",".",".",".",".","0.08","0.07",".",".",".",".",".",".",".","."
"24015","Cecil County, MD",".",".",".",".","0.1","0.074",".",".",".","26","9.8",".",".","."
"24017","Charles County, MD",".",".",".",".","0.08","0.068",".",".",".",".",".",".",".","."
"24019","Dorchester County, MD","0.3","0.3",".",".","0.08","0.065","7","3","1","20","7.9",".",".","."
"24021","Frederick County, MD",".",".",".",".","0.08","0.07",".",".",".",".",".",".",".","."
"24023","Garrett County, MD","0.4","0.3","13","2","0.07","0.067",".",".",".","15","5.1",".",".","."
"24025","Harford County, MD",".",".",".",".","0.09","0.074",".",".",".","22","8.3",".",".","."
"24027","Howard County, MD","1","0.8","51","18",".",".",".",".",".",".",".",".",".","."
"24029","Kent County, MD",".",".",".",".","0.08","0.072",".",".",".","22","9.3",".",".","."
"24031","Montgomery County, MD",".",".",".",".","0.09","0.072",".",".",".","22","9.7",".",".","."
"24033","Prince George's County, MD","1","0.9","42","8","0.1","0.072","10","4","1","28","11.2","29","13","0"
"24043","Washington County, MD",".",".",".",".","0.08","0.067",".",".",".","25","10.2",".",".","."
"24510","Baltimore (City), MD","2.2","1.8",".","16","0.09","0.072",".",".",".","30","9.9",".",".","."
"25003","Berkshire County, MA",".",".",".",".",".",".",".",".",".","19","7.1",".",".","."
"25005","Bristol County, MA",".",".",".",".","0.09","0.07","10","4","1","19","7",".",".","."
"25009","Essex County, MA","1.5","0.7","41","7","0.09","0.065",".",".",".","17","6.5",".",".","."
"25011","Franklin County, MA",".",".",".",".","0.08","0.064",".",".",".","16","6.8",".",".","."
"25013","Hampden County, MA","1.4","1.2","51","13","0.1","0.07","5","3","1","19","7.6","28","14","."
"25015","Hampshire County, MA",".",".","28","3","0.09","0.071","5","3","1",".",".","21","8","."
"25017","Middlesex County, MA",".",".",".",".","0.08","0.061",".",".",".",".",".",".",".","."
"25021","Norfolk County, MA",".",".","32","5","0.08","0.067",".",".",".","14","5",".",".","."
"25023","Plymouth County, MA",".",".",".",".","0.08","0.065",".",".",".","18","5.6",".",".","."
"25025","Suffolk County, MA","1.6","0.9","56","17","0.07","0.056","9","4","1","19","8.8","30","14","0"
"25027","Worcester County, MA","1.4","1","55","13","0.08","0.063","5","3","1","18","6.8","35","15","."
"26005","Allegan County, MI",".",".",".",".","0.09","0.072",".",".",".","21","7.9",".",".","."
"26017","Bay County, MI",".",".",".",".",".",".",".",".",".","23","7.7",".",".","."
"26019","Benzie County, MI",".",".",".",".","0.08","0.067",".",".",".",".",".",".",".","."
"26021","Berrien County, MI",".",".",".",".","0.09","0.072",".",".",".","19","8.1",".",".","."
"26027","Cass County, MI",".",".",".",".","0.08","0.068",".",".",".",".",".",".",".","."
"26033","Chippewa County, MI",".",".",".",".","0.07","0.059",".",".",".","16","8.5",".",".","."
"26037","Clinton County, MI",".",".",".",".","0.07","0.064",".",".",".",".",".",".",".","."
"26049","Genesee County, MI",".",".",".",".","0.08","0.067",".",".",".","22","8.2",".",".","."
"26063","Huron County, MI",".",".",".",".","0.1","0.067",".",".",".",".",".",".",".","."
"26065","Ingham County, MI",".",".",".","7","0.07","0.064","13","4","1","25","8.6",".",".","."
"26067","Ionia County, MI",".",".",".",".",".",".",".",".",".",".",".",".",".","0.04"
"26077","Kalamazoo County, MI",".",".",".",".","0.07","0.067",".",".",".","22","9.3",".",".","."
"26081","Kent County, MI","1.6","1.2",".",".","0.08","0.067","10","3","1","26","10.4","29","17","0.01"
"26091","Lenawee County, MI",".",".",".",".","0.07","0.065",".",".",".","25","8.6",".",".","."
"26099","Macomb County, MI",".",".",".",".","0.09","0.072",".",".",".","32","9.7",".",".","."
"26101","Manistee County, MI",".",".",".",".","0.08","0.067",".",".",".","19","6.4",".",".","."
"26105","Mason County, MI",".",".",".",".","0.08","0.066",".",".",".",".",".",".",".","."
"26113","Missaukee County, MI",".",".","7","1","0.07","0.064",".",".",".","18","5.6",".",".","."
"26115","Monroe County, MI",".",".",".",".",".",".",".",".",".","26","9.3",".",".","."
"26121","Muskegon County, MI",".",".",".",".","0.09","0.074",".",".",".",".",".",".",".","."
"26125","Oakland County, MI",".",".",".",".","0.08","0.066",".",".",".","30","9.4",".",".","."
"26139","Ottawa County, MI",".",".",".",".","0.08","0.065","33","11","1",".",".",".",".","."
"26147","St. Clair County, MI",".",".",".",".","0.09","0.075","76","21","2","29","9.5",".",".","0.05"
"26153","Schoolcraft County, MI",".",".",".",".","0.08","0.07",".",".",".",".",".",".",".","."
"26157","Tuscola County, MI",".",".",".",".","0.07","0.064",".",".",".",".",".",".",".","."
"26161","Washtenaw County, MI",".",".",".",".","0.07","0.064",".",".",".","26","9.6",".",".","."
"26163","Wayne County, MI","2.4","1.7","50","18","0.08","0.07","55","19","2","28","11.7","139","29","0.02"
"26165","Wexford County, MI",".",".",".",".","0.08","0.064",".",".",".",".",".",".",".","."
"27003","Anoka County, MN","1.2","0.9","44","7","0.07","0.064","4","2","1","16","6.6","54","15","0.01"
"27005","Becker County, MN",".",".",".",".","0.07","0.062",".",".",".","17","5.6",".",".","."
"27007","Beltrami County, MN",".",".",".",".",".",".",".",".",".","14","5",".",".","."
"27017","Carlton County, MN",".",".",".",".","0.07","0.06",".",".",".",".",".",".",".","."
"27035","Crow Wing County, MN",".",".",".",".","0.07","0.06",".",".",".","16","6.2",".",".","."
"27037","Dakota County, MN","0.9","0.8","42","8",".",".","12","6","1","19","7.1",".",".","0.13"
"27049","Goodhue County, MN",".",".",".",".","0.07","0.06",".",".",".",".",".",".",".","."
"27053","Hennepin County, MN","2","1.3","48","14","0.07","0.053","5","4","1","18","8.4","173","35","0.12"
"27075","Lake County, MN",".",".",".",".","0.06","0.056",".",".",".","17","5.4","71","18","."
"27083","Lyon County, MN",".",".",".",".",".",".",".",".",".","21","5.6",".",".","."
"27095","Mille Lacs County, MN",".",".",".",".","0.07","0.059",".",".",".",".",".",".",".","."
"27109","Olmsted County, MN",".",".",".",".","0.07","0.059","2","1","0","17","7",".",".","."
"27123","Ramsey County, MN","2.3","1.7",".",".",".",".",".",".",".","19","7.8","90","28","0"
"27137","Saint Louis County, MN",".",".",".",".","0.07","0.056",".",".",".","18","6.5","67","24","0"
"27139","Scott County, MN",".",".",".",".","0.07","0.06",".",".",".","16","6.6",".",".","."
"27145","Stearns County, MN",".",".",".",".","0.07","0.06",".",".",".","17","5.8",".",".","."
"27163","Washington County, MN",".",".",".",".","0.08","0.058","7","2","0","21","8.4","83","24","0"
"27171","Wright County, MN",".",".",".",".","0.07","0.059",".",".",".","17","6.1",".",".","."
"28011","Bolivar County, MS",".",".",".",".","0.07","0.063",".",".",".",".",".",".",".","."
"28033","DeSoto County, MS",".",".",".",".","0.08","0.061",".",".",".",".",".",".",".","."
"28035","Forrest County, MS",".",".",".",".",".",".",".",".",".","19","9.9",".",".","."
"28043","Grenada County, MS",".",".",".",".",".",".",".",".",".","14","6.5",".",".","."
"28045","Hancock County, MS",".",".",".",".","0.07","0.061",".",".",".","18","8.9",".",".","."
"28047","Harrison County, MS",".",".",".",".","0.08","0.067",".",".",".",".",".",".",".","."
"28049","Hinds County, MS","1.8","1.5",".",".","0.07","0.063","12","3","1","18","9.4",".",".","."
"28059","Jackson County, MS",".",".","30","4","0.08","0.065","24","3","0","19","9",".",".","."
"28075","Lauderdale County, MS",".",".",".",".","0.06","0.056",".",".",".",".",".",".",".","."
"28081","Lee County, MS",".",".",".",".","0.06","0.058",".",".",".",".",".",".",".","."
"28161","Yalobusha County, MS",".",".",".",".","0.07","0.056",".",".",".",".",".",".",".","."
"29003","Andrew County, MO",".",".",".",".","0.07","0.064",".",".",".",".",".",".",".","."
"29019","Boone County, MO",".",".",".",".","0.07","0.063",".",".",".",".",".",".",".","."
"29021","Buchanan County, MO",".",".",".",".",".",".",".",".",".","21","9.8","74","26","."
"29027","Callaway County, MO",".",".",".",".","0.07","0.065",".",".",".",".",".",".",".","."
"29037","Cass County, MO",".",".",".",".","0.08","0.065",".",".",".",".",".",".",".","."
"29039","Cedar County, MO",".",".",".",".","0.07","0.06",".",".",".","18","7.1",".",".","."
"29047","Clay County, MO",".",".",".",".","0.09","0.068",".",".",".","18","8.1",".",".","."
"29049","Clinton County, MO",".",".",".",".","0.08","0.068",".",".",".",".",".",".",".","."
"29077","Greene County, MO",".",".",".",".","0.07","0.061","16","4","1",".",".",".",".","."
"29087","Holt County, MO",".",".",".",".",".",".",".",".",".",".",".",".",".","0.02"
"29093","Iron County, MO",".",".",".",".",".",".","42","6","2",".",".",".",".","0.14"
"29095","Jackson County, MO","1.3","1","52","13",".",".","142","49","5","22","9.1","127","33","."
"29097","Jasper County, MO",".",".",".",".","0.07","0.061",".",".",".",".",".","121","28","."
"29099","Jefferson County, MO",".",".",".",".","0.08","0.069","38","7","1","24","11.6",".",".","0.11"
"29113","Lincoln County, MO",".",".",".",".","0.07","0.065",".",".",".",".",".",".",".","."
"29137","Monroe County, MO",".",".","9","1","0.07","0.058","6","3","2",".",".","42","13","."
"29157","Perry County, MO",".",".",".",".","0.07","0.067",".",".",".",".",".",".",".","."
"29179","Reynolds County, MO",".",".",".",".",".",".",".",".",".",".",".",".",".","0.04"
"29183","Saint Charles County, MO",".",".",".",".","0.09","0.07",".",".",".",".",".",".",".","."
"29186","Sainte Genevieve County, MO",".",".",".",".","0.08","0.063",".",".",".",".",".",".",".","."
"29187","Saint Francois County, MO",".",".",".",".",".",".",".",".",".",".",".",".",".","0.03"
"29189","Saint Louis County, MO",".",".","44","13","0.08","0.069",".",".",".","24","10.3",".",".","."
"29213","Taney County, MO",".",".",".",".","0.07","0.059",".",".",".",".",".",".",".","."
"29510","St. Louis City, MO","1.7","1.4","46","13","0.09","0.063","24","7","2","36","11.1","60","20","0.01"
"30027","Fergus County, MT",".",".","12","1","0.06","0.056",".",".",".","40","5.7","93","9","."
"30029","Flathead County, MT",".",".",".",".","0.06","0.057",".",".",".","86","11.2","139","31","."
"30031","Gallatin County, MT",".","0.7",".",".",".",".",".",".",".",".",".",".",".","."
"30049","Lewis and Clark County, MT","1","0.9",".",".","0.06","0.058","2","1","0","51","9.9",".",".","."
"30053","Lincoln County, MT",".",".",".",".",".",".",".",".",".","68","14.9",".",".","."
"30063","Missoula County, MT",".",".",".",".","0.06","0.055",".",".",".","67","12.2","180","23","."
"30071","Phillips County, MT",".",".","6","1","0.07","0.061",".",".",".","39","6.7","151","12","."
"30075","Powder River County, MT",".",".","9","1","0.07","0.057",".",".",".","31","7.4","112","27","."
"30081","Ravalli County, MT",".",".",".",".",".",".",".",".",".","102","11.1",".",".","."
"30083","Richland County, MT",".",".","8","1","0.07","0.058","3","1","0","35","7.1","131","20","."
"30087","Rosebud County, MT",".",".","18","2","0.06","0.056","9","2","0","26","6.8",".",".","."
"30089","Sanders County, MT",".",".",".",".",".",".",".",".",".",".",".","135","22","."
"30093","Silver Bow County, MT",".",".",".",".",".",".",".",".",".","44","10.6","115","19","."
"30111","Yellowstone County, MT",".",".",".",".",".",".","48","16","2",".",".",".",".","."
"31025","Cass County, NE",".",".",".",".",".",".",".",".",".",".",".","111","31","."
"31047","Dawson County, NE",".",".",".",".",".",".",".",".",".",".",".","48","21","."
"31055","Douglas County, NE","2.2","1.7",".",".","0.08","0.064","57","17","1","22","9.2","97","23","0"
"31079","Hall County, NE",".",".",".",".",".",".",".",".",".","15","6.2",".",".","."
"31107","Knox County, NE",".",".",".",".","0.07","0.063",".",".",".",".",".",".",".","."
"31109","Lancaster County, NE",".",".",".",".","0.07","0.061",".",".",".","22","7",".",".","."
"31127","Nemaha County, NE",".",".",".",".",".",".",".",".",".",".",".",".",".","0"
"31153","Sarpy County, NE",".",".",".",".",".",".",".",".",".","22","8.4",".",".","."
"31177","Washington County, NE",".",".",".",".",".",".",".",".",".","16","6.7",".",".","."
"32001","Churchill County, NV",".",".",".",".","0.08","0.068",".",".",".",".",".",".",".","."
"32003","Clark County, NV","3.2","2.6","53","15","0.09","0.076","7","4","1","26","9.8","87","25","0.01"
"32007","Elko County, NV",".",".",".",".",".",".",".",".",".",".",".","86","25","."
"32019","Lyon County, NV",".",".",".",".","0.08","0.071",".",".",".",".",".",".",".","."
"32023","Nye County, NV",".",".",".",".",".",".",".",".",".",".",".","108","17","."
"32031","Washoe County, NV","2.7","2","51","14","0.09","0.073",".",".",".","26","7.8","72","22","."
"32033","White Pine County, NV",".",".",".",".","0.08","0.066",".",".",".",".",".",".",".","."
"32510","Carson City, NV",".",".",".",".","0.08","0.068",".",".",".","16","5.2",".",".","."
"33001","Belknap County, NH",".",".",".",".","0.07","0.055",".",".",".","12","5.1",".",".","."
"33005","Cheshire County, NH",".",".",".",".","0.07","0.059",".",".",".","23","8.7",".",".","."
"33007","Coos County, NH",".",".",".",".","0.08","0.071",".",".",".",".",".",".",".","."
"33009","Grafton County, NH",".",".",".",".","0.07","0.054",".",".",".","18","6.6",".",".","."
"33011","Hillsborough County, NH","0.5","0.3",".",".","0.08","0.066",".",".",".","16","6.8",".",".","."
"33013","Merrimack County, NH",".",".",".",".","0.07","0.062","17","7","1",".",".",".",".","."
"33015","Rockingham County, NH","0.5","0.4","23","3","0.09","0.065","23","7","1","17","6.6","37","12","0"
"34001","Atlantic County, NJ",".",".",".",".","0.08","0.068","5","2","0","17","7",".",".","."
"34003","Bergen County, NJ","1.9","1","67","19","0.1","0.076",".",".",".","28","11.3",".",".","."
"34007","Camden County, NJ","1.9","1.5","51","14","0.1","0.079","16","3","0","26","10.2",".",".","."
"34011","Cumberland County, NJ",".",".",".",".","0.08","0.068",".",".",".",".",".",".",".","."
"34013","Essex County, NJ","2.7","1.9","58","17","0.09","0.072","5","3","0","24","8.9","38","16","0"
"34015","Gloucester County, NJ",".",".",".",".","0.09","0.076",".",".",".","23","8.6",".",".","."
"34017","Hudson County, NJ","2.1","1.6","57","17","0.1","0.077","5","3","0","29","11.4","44","20","."
"34019","Hunterdon County, NJ",".",".",".",".","0.09","0.073",".",".",".",".",".",".",".","."
"34021","Mercer County, NJ",".",".",".",".","0.09","0.075",".",".",".","24","8.2",".",".","."
"34023","Middlesex County, NJ",".",".",".","10",".",".",".",".",".","20","7.9",".",".","."
"34025","Monmouth County, NJ",".",".",".",".","0.1","0.077",".",".",".",".",".",".",".","."
"34027","Morris County, NJ",".",".","28","3","0.08","0.07","7","3","0","22","7.4",".",".","."
"34029","Ocean County, NJ",".",".",".",".","0.09","0.075",".",".",".","21","7.4",".",".","."
"34031","Passaic County, NJ",".",".",".",".","0.1","0.071",".",".",".","24","9",".",".","."
"34039","Union County, NJ","2.6","1.7","67","22",".",".","15","5","1","28","10.8",".",".","."
"34041","Warren County, NJ",".",".","51","12","0.08","0.066","5","2","0","25","9.2",".",".","."
"35001","Bernalillo County, NM","2.4","1.4","43","11","0.08","0.068","5","2","1","21","6.7","106","32","0"
"35013","Dona Ana County, NM",".",".","45","7","0.09","0.074",".",".",".","21","9.8","191","34","."
"35015","Eddy County, NM",".",".","20","2","0.08","0.067",".",".",".",".",".",".",".","."
"35025","Lea County, NM",".",".",".","5","0.08","0.067",".",".",".",".",".",".",".","."
"35039","Rio Arriba County, NM",".",".",".",".","0.07","0.064",".",".",".",".",".",".",".","."
"35043","Sandoval County, NM",".",".",".",".","0.08","0.066",".",".",".",".",".",".",".","."
"35045","San Juan County, NM",".",".","37","11","0.08","0.068","2","2","0","13","3.4",".",".","."
"35049","Santa Fe County, NM",".",".",".",".","0.07","0.062",".",".",".",".",".",".",".","."
"35061","Valencia County, NM",".",".",".",".","0.07","0.064",".",".",".",".",".",".",".","."
"36001","Albany County, NY","1","0.8",".",".","0.07","0.063","7","5","1","20","7.8",".",".","."
"36005","Bronx County, NY","2","1.6","68","20","0.1","0.072","13","7","2","26","9.6",".",".","."
"36013","Chautauqua County, NY",".",".",".",".","0.09","0.071","21","7","1","18","7.9",".",".","."
"36027","Dutchess County, NY",".",".",".",".","0.08","0.067","5","3","1",".",".",".",".","."
"36029","Erie County, NY","1.9","1.5","53","12","0.08","0.071","17","7","1","23","9.3",".",".","."
"36031","Essex County, NY",".",".",".",".","0.07","0.067","4","2","0","12","4.4",".",".","."
"36033","Franklin County, NY",".",".",".","3","0.08","0.071","3","23","0",".",".",".",".","."
"36041","Hamilton County, NY",".",".",".",".","0.07","0.062","3","2","0",".",".",".",".","."
"36043","Herkimer County, NY",".",".",".",".","0.07","0.061","4","3","1",".",".",".",".","."
"36045","Jefferson County, NY",".",".",".",".","0.07","0.065",".",".",".",".",".",".",".","."
"36047","Kings County, NY",".",".",".",".",".",".",".",".",".","25","9.2",".",".","."
"36055","Monroe County, NY","1.2","0.8","45","10","0.07","0.065","18","4","1","20","7.8",".",".","."
"36059","Nassau County, NY",".",".",".",".",".",".","6","3","1",".",".",".",".","."
"36061","New York County, NY","2.3","1.5",".",".","0.09","0.071",".",".",".","27","11",".",".","."
"36063","Niagara County, NY",".",".",".",".","0.08","0.067",".",".",".",".",".",".",".","."
"36067","Onondaga County, NY",".",".",".",".","0.07","0.063","4","3","1","18","6.8",".",".","."
"36071","Orange County, NY",".",".",".",".","0.1","0.072",".",".",".","20","7.4",".",".","0.03"
"36075","Oswego County, NY",".",".",".",".","0.07","0.06",".",".",".",".",".",".",".","."
"36079","Putnam County, NY",".",".",".",".","0.09","0.069","6","2","1",".",".",".",".","."
"36081","Queens County, NY","1.9","1.4","63","17","0.1","0.073","9","4","1","23","8.1",".",".","."
"36085","Richmond County, NY",".",".",".",".","0.09","0.079",".",".",".","25","8.6",".",".","."
"36087","Rockland County, NY",".",".",".",".","0.1","0.077",".",".",".",".",".",".",".","."
"36091","Saratoga County, NY",".",".",".",".","0.07","0.061",".",".",".",".",".",".",".","."
"36101","Steuben County, NY","0.2","0.2",".",".","0.06","0.059","9","4","0","15","6.2",".",".","."
"36103","Suffolk County, NY",".",".",".",".","0.1","0.078","7","4","1","22","7.5",".",".","."
"36109","Tompkins County, NY",".",".",".",".","0.07","0.064",".",".",".",".",".",".",".","."
"36117","Wayne County, NY",".",".",".",".","0.07","0.061",".",".",".",".",".",".",".","."
"36119","Westchester County, NY",".",".",".",".","0.1","0.073",".",".",".",".",".",".",".","."
"37003","Alexander County, NC",".",".",".",".","0.07","0.065",".",".",".",".",".",".",".","."
"37011","Avery County, NC",".",".",".",".","0.07","0.062",".",".",".",".",".",".",".","."
"37013","Beaufort County, NC",".",".",".",".",".",".","19","3","0",".",".",".",".","."
"37021","Buncombe County, NC",".",".",".",".","0.07","0.065",".",".",".","14","7",".",".","."
"37027","Caldwell County, NC",".",".",".",".","0.07","0.065",".",".",".",".",".",".",".","."
"37031","Carteret County, NC",".",".",".",".","0.06","0.058",".",".",".",".",".",".",".","."
"37033","Caswell County, NC",".",".",".",".","0.07","0.06",".",".",".","17","8.2",".",".","."
"37035","Catawba County, NC",".",".",".",".",".",".",".",".",".","21","9.6",".",".","."
"37037","Chatham County, NC",".",".",".",".","0.07","0.058",".",".",".",".",".",".",".","."
"37051","Cumberland County, NC",".",".",".",".","0.07","0.062",".",".",".","14","7.8","24","11","."
"37057","Davidson County, NC",".",".",".",".",".",".",".",".",".","22","11",".",".","."
"37061","Duplin County, NC",".",".",".",".",".",".",".",".",".","14","6.7",".",".","."
"37063","Durham County, NC",".",".",".",".","0.07","0.061","10","3","0","14","7.8",".",".","."
"37065","Edgecombe County, NC",".",".",".",".","0.07","0.061",".",".",".",".",".",".",".","."
"37067","Forsyth County, NC","1.9","1.3",".","7","0.08","0.07",".",".",".","17","8","44","12","."
"37069","Franklin County, NC",".",".",".",".","0.07","0.062",".",".",".",".",".",".",".","."
"37075","Graham County, NC",".",".",".",".","0.07","0.065",".",".",".",".",".",".",".","."
"37077","Granville County, NC",".",".",".",".","0.08","0.063",".",".",".",".",".",".",".","."
"37081","Guilford County, NC",".",".",".",".","0.08","0.064",".",".",".","15","8.2","21","12","."
"37087","Haywood County, NC",".",".",".",".","0.07","0.066",".",".",".","15","7.5",".",".","."
"37099","Jackson County, NC",".",".",".",".","0.07","0.065",".",".",".",".",".",".",".","."
"37101","Johnston County, NC",".",".",".",".","0.08","0.065",".",".",".",".",".",".",".","."
"37105","Lee County, NC",".",".","9","1","0.07","0.06","3","2","1",".",".",".",".","."
"37107","Lenoir County, NC",".",".",".",".","0.07","0.062",".",".",".",".",".",".",".","."
"37109","Lincoln County, NC",".",".",".",".","0.08","0.068",".",".",".",".",".",".",".","."
"37111","McDowell County, NC",".",".",".",".",".",".",".",".",".","17","8.3",".",".","."
"37113","Macon County, NC",".",".",".",".","0.07","0.062",".",".",".",".",".",".",".","."
"37117","Martin County, NC",".",".",".",".","0.07","0.059",".",".",".","14","6.5",".",".","."
"37119","Mecklenburg County, NC","1.5","1.2","37","12","0.09","0.073","6","1","0","16","8.9","50","18","0"
"37121","Mitchell County, NC",".",".",".",".",".",".",".",".",".","14","7.1",".",".","."
"37123","Montgomery County, NC",".",".",".",".","0.07","0.059",".",".",".","18","7.6",".",".","."
"37129","New Hanover County, NC",".",".",".",".","0.06","0.057","4","2","0","13","6.1",".",".","."
"37145","Person County, NC",".",".",".",".","0.08","0.061",".",".",".",".",".",".",".","."
"37147","Pitt County, NC",".",".",".",".","0.07","0.06",".",".",".","15","7",".",".","."
"37157","Rockingham County, NC",".",".",".",".","0.09","0.066",".",".",".",".",".",".",".","."
"37159","Rowan County, NC",".",".",".",".","0.08","0.066",".",".",".",".",".",".",".","."
"37173","Swain County, NC",".",".",".",".","0.07","0.063",".",".",".","17","7.1",".",".","."
"37179","Union County, NC",".",".",".",".","0.08","0.067",".",".",".",".",".",".",".","."
"37183","Wake County, NC","1.7","1.2","35","10","0.08","0.065","5","2","0","16","7.8","30","13","0"
"37189","Watauga County, NC",".",".",".",".",".",".",".",".",".","12","5.9",".",".","."
"37199","Yancey County, NC",".",".",".",".","0.07","0.064",".",".",".",".",".",".",".","."
"38007","Billings County, ND",".",".",".",".","0.07","0.064","6","3","1","33","5.7",".",".","."
"38013","Burke County, ND",".",".","11","2","0.07","0.066","23","8","1","44","6.9","103","14","."
"38015","Burleigh County, ND",".",".","31","5","0.07","0.063","14","4","1","27","6.4","79","13","."
"38017","Cass County, ND","0.8","0.7","31","4","0.06","0.057","2","1","0","20","7.2","75","17","."
"38025","Dunn County, ND",".",".","12","2","0.07","0.063","6","2","0","37","6.6","67","13","."
"38053","McKenzie County, ND",".",".","12","2","0.07","0.061","8","3","0","32","3.7",".",".","."
"38057","Mercer County, ND",".",".","21","3","0.07","0.06","25","5","1","29","6.6",".",".","."
"38065","Oliver County, ND",".",".","12","2","0.07","0.064","9","3","1","27","5.1","74","14","."
"38093","Stutsman County, ND",".",".",".",".",".",".","20","5","0",".",".","108","18","."
"38105","Williams County, ND",".",".",".",".","0.07","0.059","74","20","1","36","5",".",".","."
"39001","Adams County, OH",".",".",".",".",".",".","12","8","1",".",".",".",".","."
"39003","Allen County, OH",".",".",".",".","0.08","0.064","10","3","0",".",".",".",".","."
"39007","Ashtabula County, OH",".",".",".",".","0.09","0.07","37","7","2",".",".",".",".","."
"39009","Athens County, OH",".",".",".",".",".",".",".",".",".","16","7.4",".",".","."
"39013","Belmont County, OH",".","0.5",".",".",".",".",".",".",".",".",".",".",".","."
"39017","Butler County, OH",".",".",".",".","0.08","0.07","44","10","2","23","12.5","82","38","0.01"
"39023","Clark County, OH",".",".",".",".","0.08","0.071","13","5","0","20","9.6",".",".","."
"39025","Clermont County, OH",".",".",".",".","0.08","0.07",".",".",".",".",".",".",".","."
"39027","Clinton County, OH",".",".",".",".","0.08","0.07",".",".",".",".",".",".",".","."
"39029","Columbiana County, OH",".",".",".",".",".",".","15","7","1",".",".","43","20","0.01"
"39035","Cuyahoga County, OH","5.8","2.9","50","13","0.08","0.072","71","18","3","27","13.3","86","42","0.03"
"39041","Delaware County, OH",".",".",".",".","0.08","0.068",".",".",".",".",".",".",".","."
"39047","Fayette County, OH",".",".",".",".","0.08","0.07",".",".",".",".",".",".",".","."
"39049","Franklin County, OH","2.1","1.5","48","12","0.08","0.071","6","2","0","24","10.9",".",".","0.01"
"39051","Fulton County, OH",".",".",".",".",".",".",".",".",".",".",".",".",".","0.07"
"39055","Geauga County, OH",".",".",".",".","0.08","0.073",".",".",".",".",".",".",".","."
"39057","Greene County, OH",".",".",".",".","0.08","0.071",".",".",".","19","8.4","32","13","."
"39061","Hamilton County, OH","2","1.3","57","22","0.09","0.072","54","12","1","23","11.2","45","24","0"
"39081","Jefferson County, OH",".",".",".",".","0.07","0.066","50","9","3","29","13.2","45","22","."
"39083","Knox County, OH",".",".",".",".","0.08","0.071",".",".",".",".",".",".",".","."
"39085","Lake County, OH","1.5","1.1",".",".","0.08","0.074","89","31","3","20","8.5","35","17","."
"39087","Lawrence County, OH",".",".",".",".","0.08","0.069","16","4","0","17","7.3","35","17","."
"39089","Licking County, OH",".",".",".",".","0.08","0.068",".",".",".",".",".",".",".","."
"39091","Logan County, OH",".",".",".",".",".",".",".",".",".",".",".",".",".","0"
"39093","Lorain County, OH",".",".",".",".","0.07","0.062",".",".",".","23","8.3","18","10","."
"39095","Lucas County, OH",".",".",".",".","0.08","0.064",".",".",".","24","10.7",".",".","."
"39097","Madison County, OH",".",".",".",".","0.08","0.069",".",".",".",".",".",".",".","."
"39099","Mahoning County, OH",".",".",".",".","0.08","0.069","32","7","1","26","11","41","19","."
"39101","Marion County, OH",".",".",".",".",".",".",".",".",".",".",".",".",".","0.03"
"39103","Medina County, OH",".",".",".",".","0.07","0.063",".",".",".","25","11.6",".",".","."
"39105","Meigs County, OH",".",".",".",".",".",".","47","6","1",".",".",".",".","."
"39109","Miami County, OH",".",".",".",".","0.08","0.068",".",".",".",".",".",".",".","."
"39113","Montgomery County, OH","1.6","1.1",".",".","0.08","0.07",".",".",".","22","10.3","41","19","."
"39115","Morgan County, OH",".",".",".",".",".",".","91","23","2",".",".",".",".","."
"39121","Noble County, OH",".",".",".",".","0.07","0.066",".",".",".",".",".",".",".","."
"39133","Portage County, OH",".",".",".",".","0.07","0.064",".",".",".","21","8.9",".",".","."
"39135","Preble County, OH","1","0.7",".",".","0.08","0.067","25","5","1","18","8.4",".",".","."
"39145","Scioto County, OH",".",".",".",".",".",".","20","9","2","23","8.7","53","17","."
"39151","Stark County, OH","1.8","1.4",".",".","0.08","0.072",".",".",".","26","12.4",".",".","."
"39153","Summit County, OH","2.6","2.1",".",".","0.07","0.065","14","4","1","28","13.8",".",".","."
"39155","Trumbull County, OH",".",".",".",".","0.08","0.07",".",".",".",".",".","30","13","."
"39165","Warren County, OH",".",".",".",".","0.09","0.071",".",".",".",".",".",".",".","."
"39167","Washington County, OH",".",".",".",".","0.08","0.068",".",".",".",".",".",".",".","0"
"39173","Wood County, OH",".",".",".",".","0.07","0.062",".",".",".",".",".",".",".","."
"40001","Adair County, OK","0.6","0.4",".",".","0.07","0.062","6","2","1",".",".","65","15","."
"40015","Caddo County, OK",".",".",".",".","0.06",".",".",".",".",".",".",".",".","."
"40017","Canadian County, OK",".",".","43","5","0.07","0.066",".",".",".",".",".",".",".","."
"40021","Cherokee County, OK",".",".",".",".","0.07","0.061",".",".",".",".",".",".",".","."
"40027","Cleveland County, OK",".",".",".",".","0.07","0.065",".",".",".","18","8.3",".",".","."
"40031","Comanche County, OK",".",".",".",".","0.08","0.066",".",".",".","16","7.6",".",".","."
"40033","Cotton County, OK",".",".",".",".","0.07","0.066",".",".",".",".",".",".",".","."
"40037","Creek County, OK",".",".",".",".","0.08","0.063",".",".",".",".",".",".",".","."
"40043","Dewey County, OK",".",".",".",".","0.07","0.065",".",".",".","16","6.5",".",".","."
"40071","Kay County, OK",".",".",".",".","0.07","0.063","31","9","1",".",".",".",".","."
"40081","Lincoln County, OK",".",".",".",".","0.07","0.064",".",".",".",".",".",".",".","."
"40087","McClain County, OK",".",".",".",".","0.07","0.065",".",".",".",".",".",".",".","."
"40097","Mayes County, OK",".",".",".",".","0.08","0.065",".",".",".",".",".",".",".","."
"40101","Muskogee County, OK",".",".",".",".",".",".","35","8","2",".",".",".",".","."
"40109","Oklahoma County, OK","2.9","0.9","43","7","0.08","0.068","3","1","0",".",".","59","19","."
"40115","Ottawa County, OK",".",".",".",".","0.06","0.056",".",".",".",".",".","74","18","0.02"
"40121","Pittsburg County, OK",".",".",".",".","0.07","0.06",".",".",".",".",".",".",".","."
"40135","Sequoyah County, OK",".",".","31","5","0.07","0.062",".",".",".","16","7.8",".",".","."
"40143","Tulsa County, OK","1.5","1.1","42","8","0.09","0.066","11","5","1","18","8.7","72","19","0"
"41005","Clackamas County, OR",".",".",".",".","0.09","0.069",".",".",".",".",".",".",".","."
"41009","Columbia County, OR",".",".",".",".","0.07","0.058",".",".",".",".",".",".",".","."
"41013","Crook County, OR",".",".",".",".",".",".",".",".",".","42","8.9",".",".","."
"41017","Deschutes County, OR",".",".",".",".","0.07","0.063",".",".",".",".",".",".",".","."
"41025","Harney County, OR",".",".",".",".",".",".",".",".",".","26","8.3",".",".","."
"41029","Jackson County, OR",".",".",".",".","0.09","0.069",".",".",".","46","12.1","51","16","."
"41033","Josephine County, OR",".",".",".",".",".",".",".",".",".","18","8.3",".",".","."
"41035","Klamath County, OR",".",".",".",".",".",".",".",".",".","44","10.3",".",".","."
"41037","Lake County, OR",".",".",".",".",".",".",".",".",".","33","8.5",".",".","."
"41039","Lane County, OR",".",".",".",".","0.09","0.071",".",".",".","55","8.9","52","17","."
"41047","Marion County, OR",".",".",".",".","0.08","0.065",".",".",".",".",".",".",".","."
"41051","Multnomah County, OR","2.4","1.9","36","9","0.07","0.057","4","2","0","29","7.2","45","16","0"
"41059","Umatilla County, OR",".",".",".",".","0.08","0.07",".",".",".",".",".",".",".","."
"41061","Union County, OR",".",".",".",".",".",".",".",".",".",".",".","40","13","."
"41067","Washington County, OR","1.6","1.3","36","14","0.08","0.063",".",".",".","34","8",".",".","."
"42001","Adams County, PA","0.7","0.5","18","2","0.07","0.067","11","4","0","24","9.9",".",".","."
"42003","Allegheny County, PA","4.9","2.8","45","13","0.09","0.074","112","36","5","43","13.8","79","23","0.01"
"42005","Armstrong County, PA",".",".",".",".","0.09","0.07",".",".",".","21","11.2",".",".","."
"42007","Beaver County, PA",".",".","45","10","0.08","0.07","34","7","1","24","10.5","41","17","0.02"
"42011","Berks County, PA",".",".","39","8","0.08","0.071","10","7","2","30","10.1",".",".","0.04"
"42013","Blair County, PA",".",".",".",".","0.08","0.069","31","13","2","25","11","34","13","."
"42015","Bradford County, PA",".",".","18","3","0.07","0.058",".",".",".",".",".",".",".","."
"42017","Bucks County, PA",".",".","42","10","0.1","0.082","8","4","1","29","11.5",".",".","."
"42021","Cambria County, PA","1.5","1.1",".","9","0.08","0.065","34","12","2","27","11.7","43","17","."
"42025","Carbon County, PA",".",".",".",".",".",".",".",".",".",".",".",".",".","0.16"
"42027","Centre County, PA",".",".","40","7","0.08","0.068",".",".",".","22","9.2",".",".","."
"42029","Chester County, PA",".",".",".",".","0.09","0.068",".",".",".","27","11.9",".",".","."
"42033","Clearfield County, PA",".",".",".",".","0.08","0.068",".",".",".",".",".",".",".","."
"42041","Cumberland County, PA",".",".",".",".",".",".",".",".",".","30","12.2",".",".","."
"42043","Dauphin County, PA",".",".",".",".","0.08","0.068",".",".",".","31","10.5",".",".","."
"42045","Delaware County, PA",".",".","46","9","0.09","0.074","9","4","1","28","10.7",".",".","0.01"
"42047","Elk County, PA",".",".",".",".","0.07","0.067",".",".",".",".",".",".",".","."
"42049","Erie County, PA","1.4","0.8","43","6","0.08","0.066","17","8","1",".",".","32","12","."
"42055","Franklin County, PA",".",".",".",".","0.07","0.059",".",".",".",".",".",".",".","0.01"
"42059","Greene County, PA",".",".",".",".","0.08","0.071","19","7","1",".",".",".",".","."
"42063","Indiana County, PA",".",".",".",".","0.08","0.073","73","22","3",".",".",".",".","0.01"
"42069","Lackawanna County, PA","1.5","1.2","49","11","0.08","0.069",".",".",".","25","10.4",".",".","."
"42071","Lancaster County, PA",".",".","46","9","0.08","0.071",".",".",".","34","12.4","39","15","0.23"
"42073","Lawrence County, PA",".",".",".",".","0.08","0.069","29","6","1",".",".",".",".","0.02"
"42075","Lebanon County, PA",".",".",".",".","0.09","0.074",".",".",".",".",".",".",".","."
"42077","Lehigh County, PA",".",".",".",".","0.08","0.07",".",".",".",".",".","39","13","."
"42079","Luzerne County, PA",".",".",".",".","0.08","0.067","10","5","1",".",".","34","15","0.02"
"42081","Lycoming County, PA",".",".",".",".","0.07","0.065",".",".",".",".",".","27","14","."
"42085","Mercer County, PA",".",".",".",".","0.08","0.068",".",".",".","24","10.8",".",".","."
"42089","Monroe County, PA",".",".",".",".","0.08","0.067",".",".",".","20","7.7",".",".","."
"42091","Montgomery County, PA",".",".",".",".","0.09","0.073","6","3","1","24","8.9",".",".","."
"42095","Northampton County, PA",".",".",".","9","0.09","0.07","20","7","1","31","12.8",".",".","."
"42101","Philadelphia County, PA","2.1","1.6","63","18","0.1","0.079","10","8","2","30","11.2","48","24","0.02"
"42117","Tioga County, PA",".",".","14","3","0.07","0.065",".",".",".","18","7.8",".",".","."
"42119","Union County, PA",".",".",".",".",".",".",".",".",".",".",".",".",".","."
"42123","Warren County, PA",".",".",".",".",".",".","114","33","4",".",".",".",".","."
"42125","Washington County, PA","1.7","1","35","9","0.08","0.072","39","12","2","24","11","39","17","."
"42129","Westmoreland County, PA",".",".",".",".","0.08","0.069",".",".",".","21","9.1",".",".","."
"42133","York County, PA","1.5","0.9","52","10","0.09","0.074","30","7","2","27","10.6","37","16","."
"44003","Kent County, RI",".",".",".",".","0.09","0.07",".",".",".","13","5.3","22","9","."
"44007","Providence County, RI","3.5","1.8","67","22","0.09","0.071","7","3","0","23","9.8","36","20","0.01"
"44009","Washington County, RI",".",".",".",".","0.09","0.077",".",".",".","18","7.1",".",".","."
"45001","Abbeville County, SC",".",".",".",".",".",".",".",".",".",".",".",".",".","."
"45003","Aiken County, SC",".",".",".",".","0.07","0.057",".",".",".",".",".",".",".","."
"45007","Anderson County, SC",".",".",".",".","0.07","0.059",".",".",".",".",".",".",".","."
"45015","Berkeley County, SC",".",".",".",".","0.06","0.054",".",".",".",".",".",".",".","."
"45019","Charleston County, SC",".",".","31","6","0.07","0.054",".",".",".",".",".",".",".","."
"45021","Cherokee County, SC",".",".",".",".","0.08","0.065",".",".",".",".",".",".",".","."
"45025","Chesterfield County, SC",".",".",".",".","0.07","0.059",".",".",".",".",".",".",".","."
"45029","Colleton County, SC",".",".",".",".",".",".",".",".",".",".",".",".",".","."
"45031","Darlington County, SC",".",".",".",".","0.07","0.061",".",".",".",".",".",".",".","."
"45037","Edgefield County, SC",".",".",".",".",".",".",".",".",".",".",".",".",".","."
"45041","Florence County, SC",".",".",".",".",".",".",".",".",".","17","8.2",".",".","."
"45045","Greenville County, SC",".",".",".","9","0.08","0.067",".",".",".",".",".",".",".","."
"45063","Lexington County, SC",".",".",".",".",".",".",".",".",".",".",".","51","15","."
"45073","Oconee County, SC",".",".",".",".","0.07","0.06",".",".",".",".",".",".",".","."
"45077","Pickens County, SC",".",".",".",".",".",".",".",".",".",".",".",".",".","."
"45079","Richland County, SC","1.1","0.8",".",".","0.08","0.062",".",".",".",".",".","53","15","0"
"45083","Spartanburg County, SC",".",".",".",".","0.08","0.067",".",".",".",".",".",".",".","."
"45091","York County, SC",".",".",".",".","0.08","0.061",".",".",".",".",".",".",".","."
"46011","Brookings County, SD",".",".",".",".","0.07","0.063",".",".",".","19","5.9","82","18","."
"46013","Brown County, SD",".",".",".",".",".",".",".",".",".","14","6.8","43","17","."
"46029","Codington County, SD",".",".",".",".",".",".",".",".",".","18","7","70","20","."
"46033","Custer County, SD",".",".",".",".","0.07","0.059",".",".",".","21","4.1","60","9","."
"46065","Hughes County, SD",".",".",".",".",".",".",".",".",".","15","4.5",".",".","."
"46071","Jackson County, SD",".",".","3","1","0.06","0.057","7","5","2","23","4.4","41","10","."
"46093","Meade County, SD",".",".",".",".","0.07","0.059",".",".",".",".",".","32","13","."
"46099","Minnehaha County, SD","0.9","0.6",".","5","0.07","0.061","3","1","0","24","8.9","61","22","."
"46103","Pennington County, SD",".",".","37","7",".",".","5","1","0","30","9.5","122","36","."
"46127","Union County, SD",".",".","21","3","0.07","0.061","5","1","0","20","8.2","88","18","."
"47001","Anderson County, TN",".",".",".",".","0.08","0.065","7","4","3",".",".",".",".","."
"47009","Blount County, TN","0.3","0.3",".",".","0.08","0.068","4","1","0","17","8",".",".","."
"47025","Claiborne County, TN",".",".",".",".","0.07","0.061",".",".",".",".",".",".",".","."
"47037","Davidson County, TN","1.7","1.4","55","15","0.08","0.067","7","3","0","20","9.8","45","20","."
"47041","DeKalb County, TN",".",".",".",".","0.07","0.061",".",".",".",".",".",".",".","."
"47045","Dyer County, TN",".",".",".",".",".",".",".",".",".","14","7.5",".",".","."
"47065","Hamilton County, TN",".",".",".",".","0.09","0.068",".",".",".","17","8.4",".",".","."
"47089","Jefferson County, TN",".",".",".",".","0.09","0.07",".",".",".",".",".",".",".","."
"47093","Knox County, TN",".",".",".",".","0.08","0.066",".",".",".","20","10.2",".",".","0.06"
"47099","Lawrence County, TN",".",".",".",".",".",".",".",".",".","15","7.3",".",".","."
"47105","Loudon County, TN",".",".",".",".","0.08","0.069",".",".",".","18","9.5",".",".","."
"47107","McMinn County, TN",".",".",".",".",".",".",".",".",".","16","8.1",".",".","."
"47113","Madison County, TN",".",".",".",".",".",".",".",".",".","15","7.7",".",".","."
"47125","Montgomery County, TN",".",".",".",".",".",".","27","6","1","17","8.3","31","18","."
"47141","Putnam County, TN",".",".",".",".",".",".",".",".",".","15","7.5",".",".","."
"47145","Roane County, TN",".",".",".",".",".",".",".",".",".","19","8.4","74","34","."
"47155","Sevier County, TN",".",".",".",".","0.07","0.067",".",".",".",".",".",".",".","."
"47157","Shelby County, TN","4.4","2","41","11","0.09","0.066",".",".",".","17","8.8","47","21","0"
"47163","Sullivan County, TN","1.4","1","39","8","0.08","0.066","98","22","5","14","7.7",".",".","."
"47165","Sumner County, TN",".",".",".",".","0.08","0.067",".",".",".","17","8.3",".",".","."
"47173","Union County, TN",".",".",".",".",".",".",".",".",".",".",".","105","26","."
"47187","Williamson County, TN",".",".",".",".","0.07","0.061",".",".",".",".",".",".",".","."
"47189","Wilson County, TN",".",".",".",".","0.07","0.061",".",".",".",".",".",".",".","."
"48027","Bell County, TX",".",".",".",".","0.08","0.072",".",".",".",".",".",".",".","."
"48029","Bexar County, TX",".",".","48","10","0.1","0.08","13","3","1","21","8.6","48","22","."
"48037","Bowie County, TX",".",".",".",".",".",".",".",".",".","19","9.4",".",".","."
"48039","Brazoria County, TX",".",".","34","4","0.11","0.086",".",".",".",".",".",".",".","."
"48043","Brewster County, TX",".",".",".",".","0.07","0.063",".",".",".",".",".",".",".","."
"48061","Cameron County, TX","1.9","1",".",".","0.07","0.06",".",".",".",".",".",".",".","0"
"48085","Collin County, TX",".",".",".",".","0.1","0.077",".",".",".",".",".",".",".","0.01"
"48113","Dallas County, TX","1.7","1.5","45","10","0.11","0.08","4","1","0","19","9.3",".",".","0.01"
"48121","Denton County, TX",".",".","31","6","0.11","0.088",".",".",".",".",".",".",".","."
"48139","Ellis County, TX",".",".","33","4","0.09","0.068","6","2","0",".",".",".",".","."
"48141","El Paso County, TX","4.3","2.8","59","14","0.1","0.072","10","3","1","21","8.6","63","25","0.01"
"48167","Galveston County, TX",".",".","30","3","0.11","0.084","29","13","1","23","7.5","52","20","."
"48183","Gregg County, TX",".",".","23","4","0.09","0.068","30","5","1",".",".",".",".","."
"48201","Harris County, TX","1.6","1.7","54","13","0.14","0.095","23","4","0","25","11.8","114","41","0"
"48203","Harrison County, TX",".",".","18","2","0.07","0.062",".",".",".","16","8.8","30","15","."
"48215","Hidalgo County, TX",".",".",".",".","0.07","0.058",".",".",".","23","10.1","59","27","."
"48221","Hood County, TX",".",".",".",".","0.09","0.073",".",".",".",".",".",".",".","."
"48231","Hunt County, TX",".",".","27","4","0.07","0.062",".",".",".",".",".",".",".","."
"48245","Jefferson County, TX","0.7","0.5","32","5","0.1","0.075","63","12","1",".",".",".",".","."
"48251","Johnson County, TX",".",".",".",".","0.09","0.073",".",".",".",".",".",".",".","."
"48257","Kaufman County, TX",".",".","25","3","0.08","0.064","8","3","0",".",".",".",".","."
"48309","McLennan County, TX","0.4","0.2","22","3","0.08","0.068","7","2","0",".",".",".",".","."
"48339","Montgomery County, TX",".",".","28","3","0.1","0.073",".",".",".",".",".",".",".","."
"48349","Navarro County, TX",".",".","22","2","0.08","0.064","46","8","1",".",".",".",".","."
"48355","Nueces County, TX",".",".",".",".","0.08","0.065","4","2","0","23","10.1","53","23","."
"48361","Orange County, TX",".",".","26","5","0.08","0.065",".",".",".",".",".",".",".","."
"48367","Parker County, TX",".",".",".",".","0.09","0.079",".",".",".",".",".",".",".","."
"48373","Polk County, TX",".",".",".",".","0.08","0.063",".",".",".",".",".",".",".","."
"48381","Randall County, TX",".",".",".",".","0.07","0.064",".",".",".",".",".",".",".","."
"48397","Rockwall County, TX",".",".",".",".","0.08","0.071",".",".",".",".",".",".",".","."
"48423","Smith County, TX",".",".","15","2","0.08","0.066",".",".",".",".",".",".",".","."
"48439","Tarrant County, TX","1.6","1","46","9","0.1","0.079",".",".",".","18","9","43","17","."
"48453","Travis County, TX",".",".","51","15","0.09","0.073","4","1","0",".",".","53","23","."
"48469","Victoria County, TX",".",".",".",".","0.08","0.07",".",".",".",".",".",".",".","."
"48479","Webb County, TX","3.5","2.2",".",".","0.06","0.056",".",".",".",".",".","56","24","0.01"
"49003","Box Elder County, UT",".",".",".",".","0.08","0.068",".",".",".","32","6.5",".",".","."
"49005","Cache County, UT",".",".",".","11","0.08","0.067",".",".",".","29","7.4",".",".","."
"49007","Carbon County, UT",".",".",".",".","0.08","0.069",".",".",".",".",".",".",".","."
"49013","Duchesne County, UT",".",".","21","3","0.07","0.066",".",".",".","21","6",".",".","."
"49017","Garfield County, UT",".",".",".",".","0.07","0.068",".",".",".",".",".",".",".","."
"49035","Salt Lake County, UT","3.2","1.7",".","16","0.1","0.081","5","2","0","33","8.7","52","16","0.07"
"49037","San Juan County, UT",".",".",".",".","0.07","0.065",".",".",".",".",".",".",".","."
"49047","Uintah County, UT",".",".","23","3","0.08","0.068",".",".",".",".",".",".",".","."
"49049","Utah County, UT","2.9","2.1",".","14","0.09","0.073",".",".",".","27","7.3",".",".","."
"49053","Washington County, UT",".",".",".",".","0.08","0.069",".",".",".","11","4.6",".",".","."
"49057","Weber County, UT","2.6","1.7",".","15","0.09","0.074",".",".",".",".",".",".",".","."
"50003","Bennington County, VT",".",".",".",".","0.08","0.063",".",".",".","16","6.3",".",".","."
"50007","Chittenden County, VT","0.8","0.5","32","7","0.07","0.066","3","1","0","15","6.2",".",".","."
"50021","Rutland County, VT","3.5","1.4","38","8",".",".","2","1","0","32","9.1",".",".","."
"51003","Albemarle County, VA",".",".",".",".","0.07","0.059",".",".",".","17","7.2",".",".","."
"51009","Amherst County, VA",".",".",".",".",".",".",".",".",".",".",".",".",".","0.01"
"51013","Arlington County, VA","1.9","1.7","49","11","0.09","0.073",".",".",".","21","9.2",".",".","."
"51033","Caroline County, VA",".",".",".",".","0.08","0.062",".",".",".",".",".",".",".","."
"51035","Carroll County, VA",".",".",".",".",".",".",".",".",".",".",".","26","12","."
"51036","Charles County, VA",".",".","38","4","0.08","0.059","29","6","0","17","7.5",".",".","."
"51041","Chesterfield County, VA",".",".",".",".","0.08","0.063",".",".",".","17","8.3",".",".","."
"51059","Fairfax County, VA",".",".",".",".","0.08","0.072","9","4","1","20","8",".",".","."
"51061","Fauquier County, VA",".",".",".",".","0.06","0.056",".",".",".",".",".",".",".","."
"51069","Frederick County, VA",".",".",".",".","0.07","0.061",".",".",".","23","9",".",".","."
"51071","Giles County, VA",".",".",".",".","0.07","0.063",".",".",".",".",".",".",".","."
"51085","Hanover County, VA",".",".",".",".","0.07","0.061",".",".",".",".",".",".",".","."
"51087","Henrico County, VA","1.5","1.1","35","8","0.09","0.064","8","3","0","18","8","36","13","0"
"51101","King William County, VA",".",".",".",".",".",".",".",".",".",".",".","27","14","."
"51107","Loudoun County, VA",".",".",".","8","0.08","0.071",".",".",".","22","9",".",".","."
"51113","Madison County, VA",".",".",".",".","0.07","0.063",".",".",".",".",".",".",".","."
"51139","Page County, VA",".",".",".",".","0.07","0.059",".",".",".",".",".",".",".","."
"51147","Prince Edward County, VA",".",".",".",".","0.07","0.057",".",".",".",".",".",".",".","."
"51153","Prince William County, VA",".",".","26","5","0.08","0.067",".",".",".",".",".",".",".","."
"51161","Roanoke County, VA","1.1","0.7","31","5","0.07","0.062","5","3","0","18","7.7",".",".","."
"51163","Rockbridge County, VA",".",".",".",".","0.07","0.056",".",".",".",".",".",".",".","."
"51165","Rockingham County, VA",".",".","42","8","0.07","0.06","3","2","0","23","8.3",".",".","."
"51179","Stafford County, VA",".",".",".",".","0.08","0.063",".",".",".",".",".",".",".","."
"51197","Wythe County, VA",".",".",".",".","0.06","0.058",".",".",".",".",".",".",".","."
"51510","Alexandria City, VA","5.1","1.7",".","12",".",".",".",".",".",".",".",".",".","."
"51520","Bristol City, VA",".",".",".",".",".",".",".",".",".","13","7.4",".",".","."
"51630","Fredericksburg City, VA",".",".",".",".",".",".",".",".",".",".",".","27","13","."
"51650","Hampton City, VA","0.9","0.7","28","4","0.07","0.065","30","8","1","17","7.2","26","10","."
"51670","Hopewell City, VA",".",".",".",".",".",".",".",".",".",".",".","22","11","."
"51680","Lynchburg City, VA",".",".",".",".",".",".",".",".",".","15","7.1",".",".","."
"51710","Norfolk City, VA","1.4","0.9","41","8",".",".","13","5","0","17","7.8","24","13","."
"51760","Richmond City, VA","1.2","1","47","14",".",".",".",".",".","22","10",".",".","."
"51770","Roanoke City, VA",".",".",".",".",".",".",".",".",".",".",".",".",".","0.01"
"51775","Salem City, VA",".",".",".",".",".",".",".",".",".","19","8.5",".",".","."
"51800","Suffolk City, VA",".",".",".",".","0.08","0.061",".",".",".",".",".",".",".","."
"51810","Virginia Beach City, VA",".",".",".",".",".",".",".",".",".","18","7.8",".",".","."
"51840","Winchester City, VA",".",".",".",".",".",".",".",".",".",".",".","23","12","."
"53005","Benton County, WA",".",".",".",".",".",".",".",".",".",".",".","332","22","."
"53009","Clallam County, WA","0.6","0.2",".",".","0.06","0.051",".",".",".",".",".",".",".","."
"53011","Clark County, WA",".",".",".",".","0.08","0.065",".",".",".",".",".",".",".","."
"53033","King County, WA","2.2","1.4","65","24","0.09","0.074",".",".",".","26","9.8","34","11","0"
"53035","Kitsap County, WA",".",".",".",".",".",".",".",".",".","14","4.9",".",".","."
"53053","Pierce County, WA",".",".",".",".","0.08","0.062",".",".",".","45","9.2",".",".","."
"53057","Skagit County, WA",".",".","22","5","0.06","0.05",".",".",".","14","6.7",".",".","."
"53061","Snohomish County, WA",".",".",".",".",".",".",".",".",".","36","8.2",".",".","."
"53063","Spokane County, WA","4.1","2.9",".",".","0.07","0.066",".",".",".",".",".",".",".","."
"53067","Thurston County, WA",".",".",".",".","0.07","0.058",".",".",".",".",".",".",".","."
"53073","Whatcom County, WA",".",".",".",".","0.06","0.048",".",".",".",".",".",".",".","."
"54003","Berkeley County, WV",".",".",".",".","0.08","0.066",".",".",".","29","10.9",".",".","."
"54009","Brooke County, WV","0.9","0.7",".",".",".",".","49","24","3","24","10.2","40","20","."
"54011","Cabell County, WV",".",".",".",".","0.08","0.066","15","5","1","27","10.9",".",".","0.01"
"54021","Gilmer County, WV",".",".",".",".","0.07","0.057",".",".",".",".",".",".",".","."
"54025","Greenbrier County, WV",".",".",".",".","0.06","0.057",".",".",".",".",".",".",".","."
"54029","Hancock County, WV","1.1","0.7",".",".","0.08","0.069","39","10","3","22","9.7","40","13","."
"54033","Harrison County, WV",".",".",".",".",".",".",".",".",".","20","8.9",".",".","."
"54039","Kanawha County, WV",".",".",".",".","0.08","0.067","34","10","1","20","9","34","11","."
"54049","Marion County, WV",".",".",".",".",".",".",".",".",".","19","9.5",".",".","."
"54051","Marshall County, WV",".",".",".",".",".",".","38","12","2","24","10.6",".",".","."
"54061","Monongalia County, WV",".",".",".",".","0.08","0.069","16","7","1","20","8.2",".",".","."
"54069","Ohio County, WV",".",".",".",".","0.08","0.069",".",".",".",".",".",".",".","."
"54093","Tucker County, WV",".",".",".",".","0.07","0.062",".",".",".",".",".",".",".","."
"54107","Wood County, WV",".",".",".",".","0.09","0.071","28","10","2","25","9.3",".",".","."
"55003","Ashland County, WI",".",".",".",".","0.06","0.057",".",".",".",".",".",".",".","."
"55009","Brown County, WI",".",".",".",".","0.07","0.065","69","10","1","22","8",".",".","."
"55021","Columbia County, WI",".",".",".",".","0.07","0.064",".",".",".",".",".",".",".","."
"55025","Dane County, WI",".",".",".",".","0.07","0.064","3","1","0","23","8.6","34","16","."
"55027","Dodge County, WI","0.7","0.4",".",".","0.07","0.066","4","1","0",".",".","24","11","."
"55029","Door County, WI",".",".",".",".","0.08","0.074",".",".",".",".",".",".",".","."
"55035","Eau Claire County, WI",".",".",".",".","0.07","0.059",".",".",".","17","6.9",".",".","."
"55039","Fond du Lac County, WI",".",".",".",".","0.07","0.065",".",".",".",".",".",".",".","."
"55041","Forest County, WI",".",".",".",".","0.07","0.063","4","2","0",".",".",".",".","."
"55043","Grant County, WI",".",".",".",".",".",".",".",".",".","22","7.9",".",".","."
"55055","Jefferson County, WI",".",".",".",".","0.07","0.065",".",".",".",".",".",".",".","."
"55059","Kenosha County, WI",".",".",".",".","0.09","0.075",".",".",".","23","8.2",".",".","."
"55061","Kewaunee County, WI",".",".",".",".","0.08","0.07",".",".",".",".",".",".",".","."
"55063","La Crosse County, WI",".",".",".",".","0.07","0.061",".",".",".","21","7.6",".",".","."
"55071","Manitowoc County, WI",".",".",".",".","0.09","0.077",".",".",".",".",".",".",".","."
"55073","Marathon County, WI",".",".",".",".","0.07","0.063",".",".",".",".",".",".",".","."
"55079","Milwaukee County, WI","1.1","0.7","46","15","0.08","0.068","13","4","1","28","9.6","44","14","."
"55085","Oneida County, WI",".",".",".",".",".",".","156","86","6",".",".",".",".","."
"55087","Outagamie County, WI",".",".",".",".","0.07","0.066",".",".",".","20","7.4",".",".","."
"55089","Ozaukee County, WI",".",".",".",".","0.09","0.071",".",".",".",".",".",".",".","."
"55101","Racine County, WI",".",".",".",".","0.08","0.068",".",".",".",".",".",".",".","."
"55105","Rock County, WI",".",".",".",".","0.08","0.064",".",".",".",".",".",".",".","."
"55111","Sauk County, WI",".",".",".",".","0.07","0.063",".",".",".","18","7.2","42","10","."
"55117","Sheboygan County, WI",".",".",".",".","0.1","0.081",".",".",".",".",".",".",".","0.05"
"55119","Taylor County, WI",".",".",".",".","0.07","0.057",".",".",".",".",".",".",".","."
"55125","Vilas County, WI",".",".",".",".","0.07","0.06",".",".",".","17","5.1",".",".","."
"55127","Walworth County, WI",".",".",".",".","0.07","0.067",".",".",".",".",".",".",".","."
"55133","Waukesha County, WI",".",".",".",".","0.08","0.066",".",".",".","24","9.1",".",".","."
"56001","Albany County, WY",".",".",".",".","0.07","0.064",".",".",".","18","4.3","100","23","."
"56003","Big Horn County, WY",".",".",".",".","0.06","0.059",".",".",".",".",".",".",".","."
"56005","Campbell County, WY",".",".","41","7","0.07","0.062","16","5","1","21","5","130","31","."
"56007","Carbon County, WY",".",".","36","7","0.07","0.061","38","14","6","11","2.2","55","10","."
"56009","Converse County, WY",".",".","34","4","0.07","0.06",".",".",".",".",".","266","31","."
"56013","Fremont County, WY",".","0","5","1","0.07","0.063",".",".",".","20","6.9","46","15","."
"56021","Laramie County, WY","0.4","0.5","38","4","0.07","0.063","19","3","0","27","4.7","48","12","."
"56023","Lincoln County, WY",".",".",".",".",".",".",".",".",".",".",".","115","18","."
"56025","Natrona County, WY",".",".","42","5","0.07","0.06","21","9","1","31","5.1","49","16","."
"56029","Park County, WY",".",".",".",".",".",".",".",".",".","26","4.4","40","12","."
"56031","Platte County, WY",".",".",".",".",".",".",".",".",".",".",".","98","22","."
"56033","Sheridan County, WY",".",".",".",".","0.07","0.06",".",".",".","36","7.5","73","17","."
"56035","Sublette County, WY",".",".","20","1","0.07","0.065",".",".",".","14","5","36","6","."
"56037","Sweetwater County, WY",".",".","35","3","0.08","0.071","31","8","3","19","4.8","119","22","."
"56039","Teton County, WY","0.7","0.4",".",".","0.07","0.062",".",".",".","15","4.8","63","15","."
"56041","Uinta County, WY",".",".","12","2","0.08","0.066",".",".",".",".",".","55","9","."
"56045","Weston County, WY",".",".",".",".","0.07","0.061","4","2","1",".",".",".",".","."
"72021","Bayamon Municipio, PR",".","0.8",".",".",".",".",".",".",".",".",".",".",".","."
"72033","Catano Municipio, PR",".",".",".",".","0.07","0.029",".",".",".",".",".","134","27","."
"72053","Fajardo Municipio, PR",".",".",".",".",".",".",".",".",".",".",".","63","27","."
"72059","Guayanilla Municipio, PR",".",".",".",".",".",".",".",".",".","15","5.7",".",".","."
"72061","Guaynabo Municipio, PR",".","2.5",".",".",".",".",".",".",".","16","6.8",".",".","."
"72077","Juncos Municipio, PR",".",".",".",".","0.07","0.038","6","4","2",".",".",".",".","."
"72113","Ponce Municipio, PR","9.2","1.8",".",".",".",".",".",".",".","16","6","84","29","."
"72123","Salinas Municipio, PR",".",".",".",".",".",".","44","8","0",".",".",".",".","."
"72127","San Juan Municipio, PR","5.1","2.1",".",".",".",".",".",".",".",".",".",".",".","."
